datekey,settle,volume,openinterest,ticker
2014-11-20,80.19,0.0,0.0,CLK2020
2014-11-21,81.06,0.0,0.0,CLK2020
2014-11-24,80.77,0.0,0.0,CLK2020
2014-11-25,80.36,0.0,0.0,CLK2020
2014-11-26,80.84,0.0,0.0,CLK2020
2014-11-28,77.72,0.0,0.0,CLK2020
2014-12-01,79.5,0.0,0.0,CLK2020
2014-12-02,78.27,0.0,0.0,CLK2020
2014-12-03,78.17,0.0,0.0,CLK2020
2014-12-04,76.35,0.0,0.0,CLK2020
2014-12-05,74.78,0.0,0.0,CLK2020
2014-12-08,72.6,0.0,0.0,CLK2020
2014-12-09,72.74,0.0,0.0,CLK2020
2014-12-10,71.3,0.0,0.0,CLK2020
2014-12-11,71.15,0.0,0.0,CLK2020
2014-12-12,69.19,0.0,0.0,CLK2020
2014-12-15,67.7,0.0,0.0,CLK2020
2014-12-16,66.59,0.0,0.0,CLK2020
2014-12-17,66.99,0.0,0.0,CLK2020
2014-12-18,67.67,0.0,0.0,CLK2020
2014-12-19,70.54,0.0,0.0,CLK2020
2014-12-22,70.37,0.0,0.0,CLK2020
2014-12-23,71.63,0.0,0.0,CLK2020
2014-12-24,71.84,0.0,0.0,CLK2020
2014-12-26,71.47,0.0,0.0,CLK2020
2014-12-29,70.69,0.0,0.0,CLK2020
2014-12-30,70.61,0.0,0.0,CLK2020
2014-12-31,70.52,0.0,0.0,CLK2020
2015-01-02,70.02,0.0,0.0,CLK2020
2015-01-05,68.69,0.0,0.0,CLK2020
2015-01-06,66.93,0.0,0.0,CLK2020
2015-01-07,66.32,0.0,0.0,CLK2020
2015-01-08,66.34,0.0,0.0,CLK2020
2015-01-09,67.6,0.0,0.0,CLK2020
2015-01-12,66.9,0.0,0.0,CLK2020
2015-01-13,67.63,0.0,0.0,CLK2020
2015-01-14,68.12,0.0,0.0,CLK2020
2015-01-15,65.85,0.0,0.0,CLK2020
2015-01-16,67.06,0.0,0.0,CLK2020
2015-01-20,65.62,0.0,0.0,CLK2020
2015-01-21,66.07,0.0,0.0,CLK2020
2015-01-22,65.47,0.0,0.0,CLK2020
2015-01-23,65.9,0.0,0.0,CLK2020
2015-01-26,65.65,0.0,0.0,CLK2020
2015-01-27,66.7,0.0,0.0,CLK2020
2015-01-28,66.06,0.0,0.0,CLK2020
2015-01-29,67.12,0.0,0.0,CLK2020
2015-01-30,69.37,0.0,0.0,CLK2020
2015-02-02,69.91,0.0,0.0,CLK2020
2015-02-03,71.25,0.0,0.0,CLK2020
2015-02-04,69.58,0.0,0.0,CLK2020
2015-02-05,70.35,0.0,0.0,CLK2020
2015-02-06,69.65,0.0,0.0,CLK2020
2015-02-09,70.07,0.0,0.0,CLK2020
2015-02-10,69.44,0.0,0.0,CLK2020
2015-02-11,69.7,0.0,0.0,CLK2020
2015-02-12,70.82,0.0,0.0,CLK2020
2015-02-13,69.88,0.0,0.0,CLK2020
2015-02-17,69.52,0.0,0.0,CLK2020
2015-02-18,69.25,0.0,0.0,CLK2020
2015-02-19,68.68,0.0,0.0,CLK2020
2015-02-20,69.77,0.0,0.0,CLK2020
2015-02-23,69.6,0.0,0.0,CLK2020
2015-02-24,70.12,0.0,0.0,CLK2020
2015-02-25,70.74,0.0,0.0,CLK2020
2015-02-26,70.42,0.0,0.0,CLK2020
2015-02-27,70.38,0.0,0.0,CLK2020
2015-03-02,69.97,0.0,0.0,CLK2020
2015-03-03,70.5,0.0,0.0,CLK2020
2015-03-04,69.28,0.0,0.0,CLK2020
2015-03-05,68.78,0.0,0.0,CLK2020
2015-03-06,68.06,0.0,0.0,CLK2020
2015-03-09,67.54,0.0,0.0,CLK2020
2015-03-10,67.02,0.0,0.0,CLK2020
2015-03-11,67.22,0.0,0.0,CLK2020
2015-03-12,66.7,0.0,0.0,CLK2020
2015-03-13,66.2,0.0,0.0,CLK2020
2015-03-16,66.67,0.0,0.0,CLK2020
2015-03-17,65.98,0.0,0.0,CLK2020
2015-03-18,67.32,0.0,0.0,CLK2020
2015-03-19,66.41,0.0,0.0,CLK2020
2015-03-20,66.94,0.0,0.0,CLK2020
2015-03-23,67.12,0.0,0.0,CLK2020
2015-03-24,66.45,0.0,0.0,CLK2020
2015-03-25,66.44,0.0,0.0,CLK2020
2015-03-26,66.3,0.0,0.0,CLK2020
2015-03-27,64.87,0.0,0.0,CLK2020
2015-03-30,65.44,0.0,0.0,CLK2020
2015-03-31,64.93,0.0,0.0,CLK2020
2015-04-01,65.64,0.0,0.0,CLK2020
2015-04-02,64.97,0.0,0.0,CLK2020
2015-04-06,65.25,0.0,0.0,CLK2020
2015-04-07,64.49,0.0,0.0,CLK2020
2015-04-08,63.39,0.0,0.0,CLK2020
2015-04-09,64.5,0.0,0.0,CLK2020
2015-04-10,64.97,0.0,0.0,CLK2020
2015-04-13,64.64,0.0,0.0,CLK2020
2015-04-14,64.78,0.0,0.0,CLK2020
2015-04-15,66.07,0.0,0.0,CLK2020
2015-04-16,66.34,0.0,0.0,CLK2020
2015-04-17,65.89,0.0,0.0,CLK2020
2015-04-20,66.61,0.0,0.0,CLK2020
2015-04-21,66.91,0.0,0.0,CLK2020
2015-04-22,67.32,0.0,0.0,CLK2020
2015-04-23,67.97,0.0,0.0,CLK2020
2015-04-24,66.81,0.0,0.0,CLK2020
2015-04-27,66.77,0.0,0.0,CLK2020
2015-04-28,66.84,0.0,0.0,CLK2020
2015-04-29,66.87,0.0,0.0,CLK2020
2015-04-30,67.02,0.0,0.0,CLK2020
2015-05-01,66.88,0.0,0.0,CLK2020
2015-05-04,67.15,0.0,0.0,CLK2020
2015-05-05,67.72,0.0,0.0,CLK2020
2015-05-06,68.08,0.0,0.0,CLK2020
2015-05-07,67.82,0.0,0.0,CLK2020
2015-05-08,68.27,0.0,0.0,CLK2020
2015-05-11,68.34,0.0,0.0,CLK2020
2015-05-12,68.19,0.0,0.0,CLK2020
2015-05-13,68.14,0.0,0.0,CLK2020
2015-05-14,68.61,0.0,0.0,CLK2020
2015-05-15,68.6,0.0,0.0,CLK2020
2015-05-18,68.22,0.0,0.0,CLK2020
2015-05-19,67.6,0.0,0.0,CLK2020
2015-05-20,68.0,0.0,0.0,CLK2020
2015-05-21,67.99,0.0,0.0,CLK2020
2015-05-22,67.47,0.0,0.0,CLK2020
2015-05-26,67.67,0.0,0.0,CLK2020
2015-05-27,67.3,0.0,0.0,CLK2020
2015-05-28,67.26,0.0,0.0,CLK2020
2015-05-29,67.52,0.0,0.0,CLK2020
2015-06-01,67.08,0.0,0.0,CLK2020
2015-06-02,68.2,0.0,0.0,CLK2020
2015-06-03,67.78,0.0,0.0,CLK2020
2015-06-04,67.23,0.0,0.0,CLK2020
2015-06-05,68.55,0.0,0.0,CLK2020
2015-06-08,67.92,0.0,0.0,CLK2020
2015-06-09,68.4,0.0,0.0,CLK2020
2015-06-10,68.78,0.0,0.0,CLK2020
2015-06-11,68.35,0.0,0.0,CLK2020
2015-06-12,67.46,0.0,0.0,CLK2020
2015-06-15,67.92,0.0,0.0,CLK2020
2015-06-16,68.23,0.0,0.0,CLK2020
2015-06-17,68.22,0.0,0.0,CLK2020
2015-06-18,68.5,0.0,0.0,CLK2020
2015-06-19,67.79,0.0,0.0,CLK2020
2015-06-22,68.6,0.0,0.0,CLK2020
2015-06-23,68.05,0.0,0.0,CLK2020
2015-06-24,67.61,0.0,0.0,CLK2020
2015-06-25,67.43,0.0,0.0,CLK2020
2015-06-26,67.61,0.0,0.0,CLK2020
2015-06-29,67.12,0.0,0.0,CLK2020
2015-06-30,67.25,0.0,0.0,CLK2020
2015-07-01,66.85,0.0,0.0,CLK2020
2015-07-02,66.76,0.0,0.0,CLK2020
2015-07-06,64.03,0.0,0.0,CLK2020
2015-07-07,64.18,0.0,0.0,CLK2020
2015-07-08,64.44,0.0,0.0,CLK2020
2015-07-09,65.4,0.0,0.0,CLK2020
2015-07-10,66.3,0.0,0.0,CLK2020
2015-07-13,66.56,0.0,0.0,CLK2020
2015-07-14,66.45,0.0,0.0,CLK2020
2015-07-15,65.36,0.0,0.0,CLK2020
2015-07-16,64.82,0.0,0.0,CLK2020
2015-07-17,64.47,0.0,0.0,CLK2020
2015-07-20,64.37,0.0,0.0,CLK2020
2015-07-21,65.09,0.0,0.0,CLK2020
2015-07-22,64.11,0.0,0.0,CLK2020
2015-07-23,63.36,0.0,0.0,CLK2020
2015-07-24,62.58,0.0,0.0,CLK2020
2015-07-27,62.54,0.0,0.0,CLK2020
2015-07-28,62.66,0.0,0.0,CLK2020
2015-07-29,62.62,0.0,0.0,CLK2020
2015-07-30,62.6,0.0,0.0,CLK2020
2015-07-31,62.2,0.0,0.0,CLK2020
2015-08-03,61.15,0.0,0.0,CLK2020
2015-08-04,61.18,0.0,0.0,CLK2020
2015-08-05,60.94,0.0,0.0,CLK2020
2015-08-06,61.44,0.0,0.0,CLK2020
2015-08-07,60.8,0.0,0.0,CLK2020
2015-08-10,61.76,0.0,0.0,CLK2020
2015-08-11,61.74,0.0,0.0,CLK2020
2015-08-12,62.29,0.0,0.0,CLK2020
2015-08-13,62.53,0.0,0.0,CLK2020
2015-08-14,63.1,0.0,0.0,CLK2020
2015-08-17,62.64,0.0,0.0,CLK2020
2015-08-18,62.22,0.0,0.0,CLK2020
2015-08-19,60.78,0.0,0.0,CLK2020
2015-08-20,59.33,0.0,0.0,CLK2020
2015-08-21,57.25,0.0,0.0,CLK2020
2015-08-24,55.87,0.0,0.0,CLK2020
2015-08-25,56.67,0.0,0.0,CLK2020
2015-08-26,57.2,0.0,0.0,CLK2020
2015-08-27,60.37,0.0,0.0,CLK2020
2015-08-28,61.63,0.0,0.0,CLK2020
2015-08-31,63.41,0.0,0.0,CLK2020
2015-09-01,59.67,0.0,0.0,CLK2020
2015-09-02,60.65,0.0,0.0,CLK2020
2015-09-03,60.46,0.0,0.0,CLK2020
2015-09-04,59.41,0.0,0.0,CLK2020
2015-09-08,60.08,0.0,0.0,CLK2020
2015-09-09,59.06,0.0,0.0,CLK2020
2015-09-10,60.13,0.0,0.0,CLK2020
2015-09-11,59.63,0.0,0.0,CLK2020
2015-09-14,58.39,0.0,0.0,CLK2020
2015-09-15,58.87,0.0,0.0,CLK2020
2015-09-16,59.68,0.0,0.0,CLK2020
2015-09-17,59.29,0.0,0.0,CLK2020
2015-09-18,58.08,0.0,0.0,CLK2020
2015-09-21,59.41,0.0,0.0,CLK2020
2015-09-22,59.58,0.0,0.0,CLK2020
2015-09-23,58.22,0.0,0.0,CLK2020
2015-09-24,58.79,0.0,0.0,CLK2020
2015-09-25,59.1,0.0,0.0,CLK2020
2015-09-28,57.84,0.0,0.0,CLK2020
2015-09-29,57.83,0.0,0.0,CLK2020
2015-09-30,58.0,0.0,0.0,CLK2020
2015-10-01,56.83,0.0,0.0,CLK2020
2015-10-02,56.89,0.0,0.0,CLK2020
2015-10-05,57.77,0.0,0.0,CLK2020
2015-10-06,59.08,0.0,0.0,CLK2020
2015-10-07,58.8,0.0,0.0,CLK2020
2015-10-08,58.31,0.0,0.0,CLK2020
2015-10-09,59.06,0.0,0.0,CLK2020
2015-10-12,58.26,0.0,0.0,CLK2020
2015-10-13,58.48,0.0,0.0,CLK2020
2015-10-14,58.87,0.0,0.0,CLK2020
2015-10-15,59.02,0.0,0.0,CLK2020
2015-10-16,59.33,0.0,0.0,CLK2020
2015-10-19,58.43,0.0,0.0,CLK2020
2015-10-20,58.81,0.0,0.0,CLK2020
2015-10-21,58.43,0.0,0.0,CLK2020
2015-10-22,58.98,0.0,0.0,CLK2020
2015-10-23,58.32,0.0,0.0,CLK2020
2015-10-26,58.36,0.0,0.0,CLK2020
2015-10-27,57.65,0.0,0.0,CLK2020
2015-10-28,59.0,0.0,0.0,CLK2020
2015-10-29,58.63,0.0,0.0,CLK2020
2015-10-30,58.96,0.0,0.0,CLK2020
2015-11-02,58.69,0.0,0.0,CLK2020
2015-11-03,59.38,0.0,0.0,CLK2020
2015-11-04,58.3,0.0,0.0,CLK2020
2015-11-05,58.05,0.0,0.0,CLK2020
2015-11-06,57.72,0.0,0.0,CLK2020
2015-11-09,57.75,0.0,0.0,CLK2020
2015-11-10,58.08,0.0,0.0,CLK2020
2015-11-11,57.21,0.0,0.0,CLK2020
2015-11-12,57.09,0.0,0.0,CLK2020
2015-11-13,56.96,0.0,0.0,CLK2020
2015-11-16,57.07,0.0,0.0,CLK2020
2015-11-17,56.14,0.0,0.0,CLK2020
2015-11-18,56.15,0.0,0.0,CLK2020
2015-11-19,55.81,0.0,0.0,CLK2020
2015-11-20,55.87,0.0,0.0,CLK2020
2015-11-23,56.16,0.0,0.0,CLK2020
2015-11-24,57.38,0.0,0.0,CLK2020
2015-11-25,57.35,0.0,0.0,CLK2020
2015-11-27,56.8,0.0,0.0,CLK2020
2015-11-30,56.59,0.0,0.0,CLK2020
2015-12-01,56.51,0.0,0.0,CLK2020
2015-12-02,56.16,0.0,0.0,CLK2020
2015-12-03,56.76,0.0,0.0,CLK2020
2015-12-04,56.6,0.0,0.0,CLK2020
2015-12-07,56.29,0.0,0.0,CLK2020
2015-12-08,56.19,0.0,0.0,CLK2020
2015-12-09,56.09,0.0,0.0,CLK2020
2015-12-10,56.33,0.0,0.0,CLK2020
2015-12-11,55.63,0.0,0.0,CLK2020
2015-12-14,54.51,0.0,0.0,CLK2020
2015-12-15,54.61,0.0,0.0,CLK2020
2015-12-16,54.19,0.0,0.0,CLK2020
2015-12-17,54.01,0.0,0.0,CLK2020
2015-12-18,53.71,0.0,0.0,CLK2020
2015-12-21,52.98,0.0,0.0,CLK2020
2015-12-22,52.13,0.0,0.0,CLK2020
2015-12-23,52.32,0.0,0.0,CLK2020
2015-12-24,53.26,0.0,0.0,CLK2020
2015-12-28,52.9,0.0,0.0,CLK2020
2015-12-29,53.63,0.0,0.0,CLK2020
2015-12-30,52.96,0.0,0.0,CLK2020
2015-12-31,53.51,0.0,0.0,CLK2020
2016-01-04,53.37,0.0,0.0,CLK2020
2016-01-05,52.86,0.0,0.0,CLK2020
2016-01-06,51.69,0.0,0.0,CLK2020
2016-01-07,50.76,0.0,0.0,CLK2020
2016-01-08,50.68,0.0,0.0,CLK2020
2016-01-11,49.39,0.0,0.0,CLK2020
2016-01-12,48.08,0.0,0.0,CLK2020
2016-01-13,47.1,0.0,0.0,CLK2020
2016-01-14,47.67,0.0,0.0,CLK2020
2016-01-15,45.38,0.0,0.0,CLK2020
2016-01-19,44.19,0.0,0.0,CLK2020
2016-01-20,43.67,0.0,0.0,CLK2020
2016-01-21,44.06,0.0,0.0,CLK2020
2016-01-22,46.18,0.0,0.0,CLK2020
2016-01-25,46.29,0.0,0.0,CLK2020
2016-01-26,47.05,0.0,0.0,CLK2020
2016-01-27,47.68,0.0,0.0,CLK2020
2016-01-28,48.24,0.0,0.0,CLK2020
2016-01-29,49.2,0.0,0.0,CLK2020
2016-02-01,47.96,0.0,0.0,CLK2020
2016-02-02,47.22,0.0,0.0,CLK2020
2016-02-03,48.09,0.0,0.0,CLK2020
2016-02-04,48.49,0.0,0.0,CLK2020
2016-02-05,48.41,0.0,0.0,CLK2020
2016-02-08,48.02,0.0,0.0,CLK2020
2016-02-09,45.51,0.0,0.0,CLK2020
2016-02-10,45.92,0.0,0.0,CLK2020
2016-02-11,45.94,0.0,0.0,CLK2020
2016-02-12,48.44,0.0,0.0,CLK2020
2016-02-16,47.26,0.0,0.0,CLK2020
2016-02-17,48.19,0.0,0.0,CLK2020
2016-02-18,47.66,0.0,0.0,CLK2020
2016-02-19,46.71,0.0,0.0,CLK2020
2016-02-22,47.69,0.0,0.0,CLK2020
2016-02-23,46.58,0.0,0.0,CLK2020
2016-02-24,46.91,0.0,0.0,CLK2020
2016-02-25,47.11,0.0,0.0,CLK2020
2016-02-26,46.24,0.0,0.0,CLK2020
2016-02-29,47.31,0.0,0.0,CLK2020
2016-03-01,47.53,0.0,0.0,CLK2020
2016-03-02,47.31,0.0,0.0,CLK2020
2016-03-03,47.12,0.0,0.0,CLK2020
2016-03-04,47.86,0.0,0.0,CLK2020
2016-03-07,49.17,0.0,0.0,CLK2020
2016-03-08,48.31,0.0,0.0,CLK2020
2016-03-09,49.23,0.0,0.0,CLK2020
2016-03-10,48.93,0.0,0.0,CLK2020
2016-03-11,49.25,0.0,0.0,CLK2020
2016-03-14,48.39,0.0,0.0,CLK2020
2016-03-15,48.21,0.0,0.0,CLK2020
2016-03-16,48.84,0.0,0.0,CLK2020
2016-03-17,48.97,0.0,0.0,CLK2020
2016-03-18,49.24,0.0,0.0,CLK2020
2016-03-21,49.46,0.0,0.0,CLK2020
2016-03-22,49.64,0.0,0.0,CLK2020
2016-03-23,49.16,0.0,0.0,CLK2020
2016-03-24,48.86,0.0,0.0,CLK2020
2016-03-28,48.72,0.0,0.0,CLK2020
2016-03-29,48.72,0.0,0.0,CLK2020
2016-03-30,49.4,0.0,0.0,CLK2020
2016-03-31,49.74,0.0,0.0,CLK2020
2016-04-01,48.53,0.0,0.0,CLK2020
2016-04-04,47.58,0.0,0.0,CLK2020
2016-04-05,47.17,0.0,0.0,CLK2020
2016-04-06,48.28,0.0,0.0,CLK2020
2016-04-07,47.39,0.0,0.0,CLK2020
2016-04-08,48.93,0.0,0.0,CLK2020
2016-04-11,49.55,0.0,0.0,CLK2020
2016-04-12,50.46,0.0,0.0,CLK2020
2016-04-13,50.29,0.0,0.0,CLK2020
2016-04-14,49.65,0.0,0.0,CLK2020
2016-04-15,48.47,0.0,0.0,CLK2020
2016-04-18,48.29,0.0,0.0,CLK2020
2016-04-19,48.96,0.0,0.0,CLK2020
2016-04-20,50.28,0.0,0.0,CLK2020
2016-04-21,50.03,0.0,0.0,CLK2020
2016-04-22,51.02,0.0,0.0,CLK2020
2016-04-25,51.05,0.0,0.0,CLK2020
2016-04-26,51.53,0.0,0.0,CLK2020
2016-04-27,52.37,0.0,0.0,CLK2020
2016-04-28,52.26,0.0,0.0,CLK2020
2016-04-29,52.39,0.0,0.0,CLK2020
2016-05-02,51.77,0.0,0.0,CLK2020
2016-05-03,51.52,0.0,0.0,CLK2020
2016-05-04,51.77,0.0,0.0,CLK2020
2016-05-05,52.28,0.0,0.0,CLK2020
2016-05-06,52.93,0.0,0.0,CLK2020
2016-05-09,52.29,0.0,0.0,CLK2020
2016-05-10,53.06,0.0,0.0,CLK2020
2016-05-11,53.54,0.0,0.0,CLK2020
2016-05-12,53.28,0.0,0.0,CLK2020
2016-05-13,52.2,0.0,0.0,CLK2020
2016-05-16,52.57,0.0,0.0,CLK2020
2016-05-17,53.19,0.0,0.0,CLK2020
2016-05-18,53.55,0.0,0.0,CLK2020
2016-05-19,53.86,0.0,0.0,CLK2020
2016-05-20,53.55,0.0,0.0,CLK2020
2016-05-23,53.94,0.0,0.0,CLK2020
2016-05-24,54.26,0.0,0.0,CLK2020
2016-05-25,54.64,0.0,0.0,CLK2020
2016-05-26,54.82,0.0,0.0,CLK2020
2016-05-27,55.16,0.0,0.0,CLK2020
2016-05-31,55.16,0.0,0.0,CLK2020
2016-06-01,54.97,0.0,0.0,CLK2020
2016-06-02,55.18,0.0,0.0,CLK2020
2016-06-03,54.6,0.0,0.0,CLK2020
2016-06-06,54.98,0.0,0.0,CLK2020
2016-06-07,55.36,0.0,0.0,CLK2020
2016-06-08,55.61,0.0,0.0,CLK2020
2016-06-09,55.17,0.0,0.0,CLK2020
2016-06-10,54.51,0.0,0.0,CLK2020
2016-06-13,54.47,0.0,0.0,CLK2020
2016-06-14,53.98,0.0,0.0,CLK2020
2016-06-15,53.58,0.0,0.0,CLK2020
2016-06-16,52.29,0.0,0.0,CLK2020
2016-06-17,53.67,0.0,0.0,CLK2020
2016-06-20,54.56,0.0,0.0,CLK2020
2016-06-21,54.54,0.0,0.0,CLK2020
2016-06-22,54.59,0.0,0.0,CLK2020
2016-06-23,55.19,0.0,0.0,CLK2020
2016-06-24,53.3,0.0,0.0,CLK2020
2016-06-27,53.04,0.0,0.0,CLK2020
2016-06-28,54.7,0.0,0.0,CLK2020
2016-06-29,56.48,0.0,0.0,CLK2020
2016-06-30,55.36,0.0,0.0,CLK2020
2016-07-01,56.65,0.0,0.0,CLK2020
2016-07-05,55.43,0.0,0.0,CLK2020
2016-07-06,56.53,0.0,0.0,CLK2020
2016-07-07,54.99,0.0,0.0,CLK2020
2016-07-08,55.74,0.0,0.0,CLK2020
2016-07-11,55.63,0.0,0.0,CLK2020
2016-07-12,56.36,0.0,0.0,CLK2020
2016-07-13,55.01,0.0,0.0,CLK2020
2016-07-14,55.24,0.0,0.0,CLK2020
2016-07-15,54.9,0.0,0.0,CLK2020
2016-07-18,54.44,0.0,0.0,CLK2020
2016-07-19,54.89,0.0,0.0,CLK2020
2016-07-20,55.46,0.0,0.0,CLK2020
2016-07-21,54.79,0.0,0.0,CLK2020
2016-07-22,54.65,0.0,0.0,CLK2020
2016-07-25,54.51,0.0,0.0,CLK2020
2016-07-26,54.29,0.0,0.0,CLK2020
2016-07-27,53.22,0.0,0.0,CLK2020
2016-07-28,52.09,0.0,0.0,CLK2020
2016-07-29,51.93,0.0,0.0,CLK2020
2016-08-01,51.18,0.0,0.0,CLK2020
2016-08-02,50.98,0.0,0.0,CLK2020
2016-08-03,51.53,0.0,0.0,CLK2020
2016-08-04,51.72,0.0,0.0,CLK2020
2016-08-05,51.78,0.0,0.0,CLK2020
2016-08-08,52.56,0.0,0.0,CLK2020
2016-08-09,52.61,0.0,0.0,CLK2020
2016-08-10,52.37,0.0,0.0,CLK2020
2016-08-11,53.54,0.0,0.0,CLK2020
2016-08-12,53.96,0.0,0.0,CLK2020
2016-08-15,54.56,0.0,0.0,CLK2020
2016-08-16,55.28,0.0,0.0,CLK2020
2016-08-17,55.92,0.0,0.0,CLK2020
2016-08-18,56.7,0.0,0.0,CLK2020
2016-08-19,56.78,0.0,0.0,CLK2020
2016-08-22,55.62,0.0,0.0,CLK2020
2016-08-23,56.28,0.0,0.0,CLK2020
2016-08-24,55.43,0.0,0.0,CLK2020
2016-08-25,55.62,0.0,0.0,CLK2020
2016-08-26,55.92,0.0,0.0,CLK2020
2016-08-29,55.36,0.0,0.0,CLK2020
2016-08-30,54.69,0.0,0.0,CLK2020
2016-08-31,53.15,0.0,0.0,CLK2020
2016-09-01,51.91,0.0,0.0,CLK2020
2016-09-02,53.13,0.0,0.0,CLK2020
2016-09-06,53.55,0.0,0.0,CLK2020
2016-09-07,54.33,0.0,0.0,CLK2020
2016-09-08,55.9,0.0,0.0,CLK2020
2016-09-09,54.41,0.0,0.0,CLK2020
2016-09-12,54.75,0.0,0.0,CLK2020
2016-09-13,54.24,0.0,0.0,CLK2020
2016-09-14,53.41,0.0,0.0,CLK2020
2016-09-15,53.78,0.0,0.0,CLK2020
2016-09-16,53.0,0.0,0.0,CLK2020
2016-09-19,53.36,0.0,0.0,CLK2020
2016-09-20,53.34,0.0,0.0,CLK2020
2016-09-21,53.77,0.0,0.0,CLK2020
2016-09-22,54.65,0.0,0.0,CLK2020
2016-09-23,53.33,0.0,0.0,CLK2020
2016-09-26,54.47,0.0,0.0,CLK2020
2016-09-27,53.6,0.0,0.0,CLK2020
2016-09-28,55.1,0.0,0.0,CLK2020
2016-09-29,55.36,0.0,0.0,CLK2020
2016-09-30,55.8,0.0,0.0,CLK2020
2016-10-03,56.05,0.0,0.0,CLK2020
2016-10-04,56.27,0.0,0.0,CLK2020
2016-10-05,56.76,0.0,0.0,CLK2020
2016-10-06,56.83,0.0,0.0,CLK2020
2016-10-07,56.52,0.0,0.0,CLK2020
2016-10-10,56.8,0.0,0.0,CLK2020
2016-10-11,56.1,0.0,0.0,CLK2020
2016-10-12,55.93,0.0,0.0,CLK2020
2016-10-13,56.02,0.0,0.0,CLK2020
2016-10-14,55.88,0.0,0.0,CLK2020
2016-10-17,55.92,0.0,0.0,CLK2020
2016-10-18,56.36,0.0,0.0,CLK2020
2016-10-19,56.91,0.0,0.0,CLK2020
2016-10-20,56.32,0.0,0.0,CLK2020
2016-10-21,56.88,0.0,0.0,CLK2020
2016-10-24,57.05,0.0,0.0,CLK2020
2016-10-25,56.75,0.0,0.0,CLK2020
2016-10-26,56.02,0.0,0.0,CLK2020
2016-10-27,56.01,0.0,0.0,CLK2020
2016-10-28,55.42,0.0,0.0,CLK2020
2016-10-31,54.11,0.0,0.0,CLK2020
2016-11-01,54.17,0.0,0.0,CLK2020
2016-11-02,53.45,0.0,0.0,CLK2020
2016-11-03,52.97,0.0,0.0,CLK2020
2016-11-04,52.47,0.0,0.0,CLK2020
2016-11-07,53.14,0.0,0.0,CLK2020
2016-11-08,53.38,0.0,0.0,CLK2020
2016-11-09,54.04,0.0,0.0,CLK2020
2016-11-10,53.78,0.0,0.0,CLK2020
2016-11-11,52.72,0.0,0.0,CLK2020
2016-11-14,52.08,0.0,0.0,CLK2020
2016-11-15,53.26,0.0,0.0,CLK2020
2016-11-16,52.91,0.0,0.0,CLK2020
2016-11-17,53.15,0.0,0.0,CLK2020
2016-11-18,53.41,0.0,0.0,CLK2020
2016-11-21,54.71,0.0,0.0,CLK2020
2016-11-22,54.87,0.0,0.0,CLK2020
2016-11-23,54.63,0.0,0.0,CLK2020
2016-11-25,53.25,0.0,0.0,CLK2020
2016-11-28,53.94,0.0,0.0,CLK2020
2016-11-29,52.5,0.0,0.0,CLK2020
2016-11-30,54.59,0.0,0.0,CLK2020
2016-12-01,54.54,0.0,0.0,CLK2020
2016-12-02,55.31,0.0,0.0,CLK2020
2016-12-05,55.69,0.0,0.0,CLK2020
2016-12-06,55.17,0.0,0.0,CLK2020
2016-12-07,54.66,0.0,0.0,CLK2020
2016-12-08,54.87,0.0,0.0,CLK2020
2016-12-09,55.17,0.0,0.0,CLK2020
2016-12-12,54.95,0.0,0.0,CLK2020
2016-12-13,55.18,0.0,0.0,CLK2020
2016-12-14,54.33,0.0,0.0,CLK2020
2016-12-15,54.14,0.0,0.0,CLK2020
2016-12-16,54.59,0.0,0.0,CLK2020
2016-12-19,54.78,0.0,0.0,CLK2020
2016-12-20,55.33,0.0,0.0,CLK2020
2016-12-21,54.67,0.0,0.0,CLK2020
2016-12-22,54.85,0.0,0.0,CLK2020
2016-12-23,55.12,0.0,0.0,CLK2020
2016-12-27,55.68,0.0,0.0,CLK2020
2016-12-28,55.88,0.0,0.0,CLK2020
2016-12-29,56.0,0.0,0.0,CLK2020
2016-12-30,56.04,0.0,0.0,CLK2020
2017-01-03,55.18,0.0,0.0,CLK2020
2017-01-04,56.33,0.0,0.0,CLK2020
2017-01-05,56.85,0.0,0.0,CLK2020
2017-01-06,57.03,0.0,0.0,CLK2020
2017-01-09,55.93,0.0,0.0,CLK2020
2017-01-10,55.51,0.0,0.0,CLK2020
2017-01-11,56.39,0.0,0.0,CLK2020
2017-01-12,56.83,0.0,0.0,CLK2020
2017-01-13,56.32,0.0,0.0,CLK2020
2017-01-17,55.92,0.0,0.0,CLK2020
2017-01-18,55.22,0.0,0.0,CLK2020
2017-01-19,55.39,0.0,0.0,CLK2020
2017-01-20,56.23,0.0,0.0,CLK2020
2017-01-23,55.91,0.0,0.0,CLK2020
2017-01-24,56.14,0.0,0.0,CLK2020
2017-01-25,55.78,0.0,0.0,CLK2020
2017-01-26,56.25,0.0,0.0,CLK2020
2017-01-27,55.57,0.0,0.0,CLK2020
2017-01-30,55.47,0.0,0.0,CLK2020
2017-01-31,55.61,0.0,0.0,CLK2020
2017-02-01,56.21,0.0,0.0,CLK2020
2017-02-02,55.9,0.0,0.0,CLK2020
2017-02-03,56.28,0.0,0.0,CLK2020
2017-02-06,55.9,0.0,0.0,CLK2020
2017-02-07,55.14,0.0,0.0,CLK2020
2017-02-08,55.09,0.0,0.0,CLK2020
2017-02-09,55.25,0.0,0.0,CLK2020
2017-02-10,55.49,0.0,0.0,CLK2020
2017-02-13,54.89,0.0,0.0,CLK2020
2017-02-14,54.8,0.0,0.0,CLK2020
2017-02-15,54.33,0.0,0.0,CLK2020
2017-02-16,54.09,0.0,0.0,CLK2020
2017-02-17,53.95,0.0,0.0,CLK2020
2017-02-21,53.34,0.0,0.0,CLK2020
2017-02-22,52.91,0.0,0.0,CLK2020
2017-02-23,53.37,0.0,0.0,CLK2020
2017-02-24,53.12,0.0,0.0,CLK2020
2017-02-27,53.52,0.0,0.0,CLK2020
2017-02-28,54.09,0.0,0.0,CLK2020
2017-03-01,53.92,0.0,0.0,CLK2020
2017-03-02,53.56,0.0,0.0,CLK2020
2017-03-03,53.88,0.0,0.0,CLK2020
2017-03-06,53.98,0.0,0.0,CLK2020
2017-03-07,53.85,0.0,0.0,CLK2020
2017-03-08,51.97,0.0,0.0,CLK2020
2017-03-09,51.24,0.0,0.0,CLK2020
2017-03-10,50.42,0.0,0.0,CLK2020
2017-03-13,50.63,0.0,0.0,CLK2020
2017-03-14,50.3,0.0,0.0,CLK2020
2017-03-15,50.42,0.0,0.0,CLK2020
2017-03-16,50.18,0.0,0.0,CLK2020
2017-03-17,50.12,0.0,0.0,CLK2020
2017-03-20,50.01,0.0,0.0,CLK2020
2017-03-21,49.99,0.0,0.0,CLK2020
2017-03-22,50.16,0.0,0.0,CLK2020
2017-03-23,49.89,0.0,0.0,CLK2020
2017-03-24,50.09,0.0,0.0,CLK2020
2017-03-27,50.28,0.0,0.0,CLK2020
2017-03-28,50.13,0.0,0.0,CLK2020
2017-03-29,50.39,0.0,0.0,CLK2020
2017-03-30,51.01,0.0,0.0,CLK2020
2017-03-31,51.34,0.0,0.0,CLK2020
2017-04-03,51.67,0.0,0.0,CLK2020
2017-04-04,52.08,0.0,0.0,CLK2020
2017-04-05,52.05,0.0,0.0,CLK2020
2017-04-06,52.33,0.0,0.0,CLK2020
2017-04-07,52.61,0.0,0.0,CLK2020
2017-04-10,53.29,0.0,0.0,CLK2020
2017-04-11,53.62,0.0,0.0,CLK2020
2017-04-12,53.84,0.0,0.0,CLK2020
2017-04-13,53.83,0.0,0.0,CLK2020
2017-04-17,53.59,0.0,0.0,CLK2020
2017-04-18,53.34,0.0,0.0,CLK2020
2017-04-19,52.0,0.0,0.0,CLK2020
2017-04-20,51.84,0.0,0.0,CLK2020
2017-04-21,51.58,0.0,0.0,CLK2020
2017-04-24,51.13,0.0,0.0,CLK2020
2017-04-25,51.01,0.0,0.0,CLK2020
2017-04-26,50.97,0.0,0.0,CLK2020
2017-04-27,50.27,0.0,0.0,CLK2020
2017-04-28,50.42,5.0,0.0,CLK2020
2017-05-01,50.09,0.0,5.0,CLK2020
2017-05-02,49.19,0.0,5.0,CLK2020
2017-05-03,49.47,0.0,5.0,CLK2020
2017-05-04,48.28,7.0,5.0,CLK2020
2017-05-05,49.46,0.0,12.0,CLK2020
2017-05-08,49.72,0.0,12.0,CLK2020
2017-05-09,49.32,0.0,12.0,CLK2020
2017-05-10,50.09,0.0,12.0,CLK2020
2017-05-11,50.31,0.0,12.0,CLK2020
2017-05-12,49.9,0.0,12.0,CLK2020
2017-05-15,49.97,0.0,12.0,CLK2020
2017-05-16,50.2,0.0,12.0,CLK2020
2017-05-17,50.31,0.0,12.0,CLK2020
2017-05-18,50.41,0.0,12.0,CLK2020
2017-05-19,51.09,0.0,12.0,CLK2020
2017-05-22,51.28,0.0,12.0,CLK2020
2017-05-23,51.26,0.0,12.0,CLK2020
2017-05-24,50.83,0.0,12.0,CLK2020
2017-05-25,49.45,0.0,12.0,CLK2020
2017-05-26,50.1,0.0,12.0,CLK2020
2017-05-30,50.25,0.0,12.0,CLK2020
2017-05-31,49.17,0.0,12.0,CLK2020
2017-06-01,49.18,0.0,12.0,CLK2020
2017-06-02,48.83,0.0,12.0,CLK2020
2017-06-05,48.84,0.0,12.0,CLK2020
2017-06-06,48.84,0.0,12.0,CLK2020
2017-06-07,48.05,6.0,12.0,CLK2020
2017-06-08,48.78,0.0,18.0,CLK2020
2017-06-09,48.88,0.0,18.0,CLK2020
2017-06-12,48.99,0.0,18.0,CLK2020
2017-06-13,49.18,0.0,18.0,CLK2020
2017-06-14,48.51,20.0,18.0,CLK2020
2017-06-15,49.04,0.0,18.0,CLK2020
2017-06-16,49.19,0.0,18.0,CLK2020
2017-06-19,48.91,0.0,18.0,CLK2020
2017-06-20,48.65,0.0,18.0,CLK2020
2017-06-21,48.18,0.0,18.0,CLK2020
2017-06-22,48.23,0.0,18.0,CLK2020
2017-06-23,48.13,0.0,18.0,CLK2020
2017-06-26,48.23,0.0,18.0,CLK2020
2017-06-27,48.88,0.0,18.0,CLK2020
2017-06-28,49.15,0.0,18.0,CLK2020
2017-06-29,49.45,0.0,18.0,CLK2020
2017-06-30,50.37,0.0,18.0,CLK2020
2017-07-03,51.31,0.0,18.0,CLK2020
2017-07-05,50.01,0.0,18.0,CLK2020
2017-07-06,50.03,0.0,18.0,CLK2020
2017-07-07,49.06,0.0,18.0,CLK2020
2017-07-10,49.67,0.0,18.0,CLK2020
2017-07-11,50.25,0.0,18.0,CLK2020
2017-07-12,50.08,5.0,18.0,CLK2020
2017-07-13,50.41,0.0,23.0,CLK2020
2017-07-14,50.82,0.0,23.0,CLK2020
2017-07-17,50.55,0.0,23.0,CLK2020
2017-07-18,50.39,0.0,23.0,CLK2020
2017-07-19,50.64,0.0,23.0,CLK2020
2017-07-20,50.22,0.0,23.0,CLK2020
2017-07-21,49.44,0.0,23.0,CLK2020
2017-07-24,49.92,0.0,23.0,CLK2020
2017-07-25,50.69,0.0,23.0,CLK2020
2017-07-26,50.83,0.0,23.0,CLK2020
2017-07-27,50.68,0.0,23.0,CLK2020
2017-07-28,50.74,0.0,23.0,CLK2020
2017-07-31,51.19,0.0,23.0,CLK2020
2017-08-01,50.56,0.0,23.0,CLK2020
2017-08-02,50.82,0.0,23.0,CLK2020
2017-08-03,50.39,0.0,23.0,CLK2020
2017-08-04,50.81,0.0,23.0,CLK2020
2017-08-07,50.71,0.0,23.0,CLK2020
2017-08-08,50.37,0.0,23.0,CLK2020
2017-08-09,50.42,0.0,23.0,CLK2020
2017-08-10,49.36,1.0,23.0,CLK2020
2017-08-11,49.35,11.0,23.0,CLK2020
2017-08-14,48.8,0.0,33.0,CLK2020
2017-08-15,48.85,0.0,33.0,CLK2020
2017-08-16,48.64,20.0,33.0,CLK2020
2017-08-17,48.78,0.0,53.0,CLK2020
2017-08-18,50.03,0.0,53.0,CLK2020
2017-08-21,48.97,0.0,53.0,CLK2020
2017-08-22,49.62,0.0,53.0,CLK2020
2017-08-23,50.06,0.0,53.0,CLK2020
2017-08-24,49.64,0.0,53.0,CLK2020
2017-08-25,49.84,0.0,53.0,CLK2020
2017-08-28,49.23,0.0,53.0,CLK2020
2017-08-29,49.78,0.0,53.0,CLK2020
2017-08-30,49.37,0.0,53.0,CLK2020
2017-08-31,50.88,0.0,53.0,CLK2020
2017-09-01,50.99,0.0,53.0,CLK2020
2017-09-05,51.14,0.0,53.0,CLK2020
2017-09-06,51.22,0.0,53.0,CLK2020
2017-09-07,51.31,0.0,53.0,CLK2020
2017-09-08,50.5,0.0,53.0,CLK2020
2017-09-11,50.64,0.0,53.0,CLK2020
2017-09-12,50.63,0.0,53.0,CLK2020
2017-09-13,50.83,100.0,53.0,CLK2020
2017-09-14,51.05,0.0,153.0,CLK2020
2017-09-15,51.27,0.0,153.0,CLK2020
2017-09-18,50.89,0.0,153.0,CLK2020
2017-09-19,50.63,4.0,153.0,CLK2020
2017-09-20,50.77,0.0,157.0,CLK2020
2017-09-21,50.83,36.0,157.0,CLK2020
2017-09-22,50.88,0.0,157.0,CLK2020
2017-09-25,51.01,0.0,157.0,CLK2020
2017-09-26,50.93,0.0,157.0,CLK2020
2017-09-27,50.89,0.0,157.0,CLK2020
2017-09-28,50.4,0.0,157.0,CLK2020
2017-09-29,50.55,0.0,157.0,CLK2020
2017-10-02,49.88,0.0,157.0,CLK2020
2017-10-03,49.78,0.0,157.0,CLK2020
2017-10-04,49.9,0.0,157.0,CLK2020
2017-10-05,50.41,0.0,157.0,CLK2020
2017-10-06,49.53,0.0,157.0,CLK2020
2017-10-09,49.79,0.0,157.0,CLK2020
2017-10-10,50.19,0.0,157.0,CLK2020
2017-10-11,50.5,0.0,157.0,CLK2020
2017-10-12,50.13,0.0,157.0,CLK2020
2017-10-13,50.37,0.0,157.0,CLK2020
2017-10-16,50.3,0.0,157.0,CLK2020
2017-10-17,50.03,0.0,157.0,CLK2020
2017-10-18,50.27,0.0,157.0,CLK2020
2017-10-19,50.04,0.0,157.0,CLK2020
2017-10-20,50.22,0.0,157.0,CLK2020
2017-10-23,50.01,0.0,157.0,CLK2020
2017-10-24,50.38,0.0,157.0,CLK2020
2017-10-25,50.36,0.0,157.0,CLK2020
2017-10-26,50.44,0.0,157.0,CLK2020
2017-10-27,50.7,0.0,157.0,CLK2020
2017-10-30,50.7,0.0,157.0,CLK2020
2017-10-31,50.63,0.0,157.0,CLK2020
2017-11-01,50.29,0.0,157.0,CLK2020
2017-11-02,50.35,0.0,157.0,CLK2020
2017-11-03,50.69,0.0,157.0,CLK2020
2017-11-06,51.08,0.0,157.0,CLK2020
2017-11-07,51.33,0.0,157.0,CLK2020
2017-11-08,51.84,12.0,157.0,CLK2020
2017-11-09,51.93,6.0,165.0,CLK2020
2017-11-10,52.23,10.0,171.0,CLK2020
2017-11-13,52.5,6.0,181.0,CLK2020
2017-11-14,51.65,31.0,186.0,CLK2020
2017-11-15,51.4,15.0,217.0,CLK2020
2017-11-16,51.07,0.0,232.0,CLK2020
2017-11-17,51.29,46.0,232.0,CLK2020
2017-11-20,50.91,0.0,256.0,CLK2020
2017-11-21,50.88,0.0,256.0,CLK2020
2017-11-22,51.33,43.0,256.0,CLK2020
2017-11-24,51.71,0.0,270.0,CLK2020
2017-11-27,52.11,10.0,270.0,CLK2020
2017-11-28,52.2,1.0,270.0,CLK2020
2017-11-29,52.02,3.0,270.0,CLK2020
2017-11-30,52.03,0.0,270.0,CLK2020
2017-12-01,52.02,0.0,270.0,CLK2020
2017-12-04,51.93,111.0,270.0,CLK2020
2017-12-05,52.35,20.0,365.0,CLK2020
2017-12-06,51.88,0.0,375.0,CLK2020
2017-12-07,52.35,0.0,375.0,CLK2020
2017-12-08,52.6,16.0,375.0,CLK2020
2017-12-11,52.72,0.0,383.0,CLK2020
2017-12-12,52.11,0.0,383.0,CLK2020
2017-12-13,51.25,10.0,383.0,CLK2020
2017-12-14,51.62,3.0,793.0,CLK2020
2017-12-15,51.67,0.0,790.0,CLK2020
2017-12-18,52.26,2.0,790.0,CLK2020
2017-12-19,52.66,6.0,790.0,CLK2020
2017-12-20,52.65,600.0,996.0,CLK2020
2017-12-21,52.85,84.0,1296.0,CLK2020
2017-12-22,53.13,0.0,1316.0,CLK2020
2017-12-26,53.82,0.0,1316.0,CLK2020
2017-12-27,53.84,0.0,1316.0,CLK2020
2017-12-28,53.92,0.0,1316.0,CLK2020
2017-12-29,53.94,20.0,1316.0,CLK2020
2018-01-02,54.08,2.0,1336.0,CLK2020
2018-01-03,54.36,150.0,1336.0,CLK2020
2018-01-04,54.37,1.0,1336.0,CLK2020
2018-01-05,54.63,0.0,1336.0,CLK2020
2018-01-08,54.98,2.0,1336.0,CLK2020
2018-01-09,55.42,2.0,1338.0,CLK2020
2018-01-10,55.18,9.0,1340.0,CLK2020
2018-01-11,55.27,7.0,1346.0,CLK2020
2018-01-12,55.5,5.0,1353.0,CLK2020
2018-01-16,55.45,0.0,1358.0,CLK2020
2018-01-17,55.72,15.0,1358.0,CLK2020
2018-01-18,55.85,55.0,1373.0,CLK2020
2018-01-19,55.83,5.0,1383.0,CLK2020
2018-01-22,55.97,0.0,1388.0,CLK2020
2018-01-23,56.36,0.0,1388.0,CLK2020
2018-01-24,56.1,0.0,1388.0,CLK2020
2018-01-25,56.34,0.0,1388.0,CLK2020
2018-01-26,56.41,0.0,1388.0,CLK2020
2018-01-29,56.03,0.0,1388.0,CLK2020
2018-01-30,55.4,0.0,1388.0,CLK2020
2018-01-31,55.42,30.0,1388.0,CLK2020
2018-02-01,55.58,0.0,1388.0,CLK2020
2018-02-02,54.61,57.0,1388.0,CLK2020
2018-02-05,54.37,2.0,1515.0,CLK2020
2018-02-06,53.93,18.0,1517.0,CLK2020
2018-02-07,52.91,5.0,1529.0,CLK2020
2018-02-08,52.81,22.0,1529.0,CLK2020
2018-02-09,51.7,35.0,1531.0,CLK2020
2018-02-12,51.88,0.0,1532.0,CLK2020
2018-02-13,52.33,2.0,1532.0,CLK2020
2018-02-14,52.63,22.0,1534.0,CLK2020
2018-02-15,52.6,0.0,1556.0,CLK2020
2018-02-16,53.01,0.0,1556.0,CLK2020
2018-02-20,53.63,3.0,1556.0,CLK2020
2018-02-21,53.76,0.0,1556.0,CLK2020
2018-02-22,54.03,0.0,1556.0,CLK2020
2018-02-23,54.86,23.0,1556.0,CLK2020
2018-02-26,55.4,0.0,1543.0,CLK2020
2018-02-27,54.88,0.0,1543.0,CLK2020
2018-02-28,53.37,0.0,1543.0,CLK2020
2018-03-01,53.08,0.0,1543.0,CLK2020
2018-03-02,53.39,0.0,1543.0,CLK2020
2018-03-05,54.12,0.0,1543.0,CLK2020
2018-03-06,54.17,0.0,1743.0,CLK2020
2018-03-07,53.37,0.0,1743.0,CLK2020
2018-03-08,53.29,33.0,1743.0,CLK2020
2018-03-09,54.37,50.0,1764.0,CLK2020
2018-03-12,54.29,0.0,1814.0,CLK2020
2018-03-13,54.11,0.0,1814.0,CLK2020
2018-03-14,54.41,0.0,1814.0,CLK2020
2018-03-15,54.33,0.0,1814.0,CLK2020
2018-03-16,54.61,23.0,1814.0,CLK2020
2018-03-19,54.26,0.0,1816.0,CLK2020
2018-03-20,54.73,5.0,1816.0,CLK2020
2018-03-21,55.67,25.0,1819.0,CLK2020
2018-03-22,55.52,10.0,1824.0,CLK2020
2018-03-23,56.21,0.0,1824.0,CLK2020
2018-03-26,56.07,0.0,1824.0,CLK2020
2018-03-27,56.21,20.0,1824.0,CLK2020
2018-03-28,55.95,0.0,1844.0,CLK2020
2018-03-29,55.94,0.0,1844.0,CLK2020
2018-04-02,54.8,0.0,1844.0,CLK2020
2018-04-03,55.38,0.0,1844.0,CLK2020
2018-04-04,55.4,0.0,1844.0,CLK2020
2018-04-05,55.77,0.0,1844.0,CLK2020
2018-04-06,54.84,2.0,1844.0,CLK2020
2018-04-09,55.39,10.0,1845.0,CLK2020
2018-04-10,55.99,117.0,1855.0,CLK2020
2018-04-11,56.56,11.0,1862.0,CLK2020
2018-04-12,56.36,6.0,1862.0,CLK2020
2018-04-13,56.45,100.0,1862.0,CLK2020
2018-04-16,56.22,0.0,1862.0,CLK2020
2018-04-17,56.39,10.0,1862.0,CLK2020
2018-04-18,56.93,26.0,1867.0,CLK2020
2018-04-19,57.31,195.0,1884.0,CLK2020
2018-04-20,57.34,10.0,1832.0,CLK2020
2018-04-23,57.65,71.0,1832.0,CLK2020
2018-04-24,57.03,4.0,1847.0,CLK2020
2018-04-25,57.16,0.0,1851.0,CLK2020
2018-04-26,57.2,0.0,1851.0,CLK2020
2018-04-27,56.98,171.0,1851.0,CLK2020
2018-04-30,57.33,12.0,1943.0,CLK2020
2018-05-01,56.84,209.0,1938.0,CLK2020
2018-05-02,56.92,2.0,2129.0,CLK2020
2018-05-03,57.35,11.0,2129.0,CLK2020
2018-05-04,58.49,15.0,2353.0,CLK2020
2018-05-07,59.17,14.0,2350.0,CLK2020
2018-05-08,58.26,16.0,2350.0,CLK2020
2018-05-09,59.66,34.0,2359.0,CLK2020
2018-05-10,60.1,37.0,2378.0,CLK2020
2018-05-11,60.22,62.0,2387.0,CLK2020
2018-05-14,60.54,0.0,2406.0,CLK2020
2018-05-15,60.93,71.0,2406.0,CLK2020
2018-05-16,61.06,92.0,2406.0,CLK2020
2018-05-17,61.44,475.0,2455.0,CLK2020
2018-05-18,61.66,128.0,2636.0,CLK2020
2018-05-21,62.61,67.0,2729.0,CLK2020
2018-05-22,62.42,38.0,2734.0,CLK2020
2018-05-23,62.28,332.0,2767.0,CLK2020
2018-05-24,61.78,31.0,2991.0,CLK2020
2018-05-25,59.98,23.0,2991.0,CLK2020
2018-05-29,59.47,2.0,2994.0,CLK2020
2018-05-30,60.06,9.0,2994.0,CLK2020
2018-05-31,59.68,10.0,3000.0,CLK2020
2018-06-01,59.88,0.0,3000.0,CLK2020
2018-06-04,59.45,1.0,3000.0,CLK2020
2018-06-05,59.72,31.0,2899.0,CLK2020
2018-06-06,59.54,0.0,2912.0,CLK2020
2018-06-07,60.13,6.0,2912.0,CLK2020
2018-06-08,60.28,0.0,2913.0,CLK2020
2018-06-11,60.54,1.0,2913.0,CLK2020
2018-06-12,60.47,0.0,2912.0,CLK2020
2018-06-13,61.29,128.0,2912.0,CLK2020
2018-06-14,60.81,26.0,2911.0,CLK2020
2018-06-15,59.1,16.0,2926.0,CLK2020
2018-06-18,59.77,0.0,2942.0,CLK2020
2018-06-19,59.38,1.0,2942.0,CLK2020
2018-06-20,59.38,120.0,2458.0,CLK2020
2018-06-21,58.77,8.0,2548.0,CLK2020
2018-06-22,60.37,7.0,2543.0,CLK2020
2018-06-25,60.37,16.0,2536.0,CLK2020
2018-06-26,61.62,2.0,2552.0,CLK2020
2018-06-27,62.08,2.0,2550.0,CLK2020
2018-06-28,61.81,0.0,2552.0,CLK2020
2018-06-29,61.84,0.0,2552.0,CLK2020
2018-07-02,61.02,44.0,2552.0,CLK2020
2018-07-03,60.91,0.0,2565.0,CLK2020
2018-07-05,61.38,0.0,2565.0,CLK2020
2018-07-06,61.9,0.0,2565.0,CLK2020
2018-07-09,62.34,3.0,2565.0,CLK2020
2018-07-10,62.58,0.0,2562.0,CLK2020
2018-07-11,60.16,0.0,2562.0,CLK2020
2018-07-12,61.1,3.0,2562.0,CLK2020
2018-07-13,61.41,0.0,2563.0,CLK2020
2018-07-16,59.37,28.0,2563.0,CLK2020
2018-07-17,59.66,21.0,2569.0,CLK2020
2018-07-18,60.35,0.0,2573.0,CLK2020
2018-07-19,60.47,4.0,2573.0,CLK2020
2018-07-20,60.71,15.0,2574.0,CLK2020
2018-07-23,61.45,281.0,2589.0,CLK2020
2018-07-24,61.87,14.0,2746.0,CLK2020
2018-07-25,62.45,0.0,2747.0,CLK2020
2018-07-26,62.8,0.0,2747.0,CLK2020
2018-07-27,62.19,1.0,2747.0,CLK2020
2018-07-30,62.69,155.0,2747.0,CLK2020
2018-07-31,61.92,211.0,2858.0,CLK2020
2018-08-01,60.85,0.0,2948.0,CLK2020
2018-08-02,61.33,7.0,2948.0,CLK2020
2018-08-03,61.31,5.0,2944.0,CLK2020
2018-08-06,61.74,0.0,2944.0,CLK2020
2018-08-07,62.41,0.0,2944.0,CLK2020
2018-08-08,60.88,0.0,2944.0,CLK2020
2018-08-09,61.09,0.0,3025.0,CLK2020
2018-08-10,61.34,49.0,3025.0,CLK2020
2018-08-13,60.93,246.0,3038.0,CLK2020
2018-08-14,61.11,115.0,3065.0,CLK2020
2018-08-15,59.92,2.0,3118.0,CLK2020
2018-08-16,60.31,445.0,3097.0,CLK2020
2018-08-17,60.54,0.0,3228.0,CLK2020
2018-08-20,60.63,0.0,3228.0,CLK2020
2018-08-21,60.81,15.0,3228.0,CLK2020
2018-08-22,62.31,12.0,3233.0,CLK2020
2018-08-23,62.37,0.0,3238.0,CLK2020
2018-08-24,62.93,158.0,3238.0,CLK2020
2018-08-27,63.02,32.0,3297.0,CLK2020
2018-08-28,63.0,175.0,3307.0,CLK2020
2018-08-29,63.58,57.0,3376.0,CLK2020
2018-08-30,64.06,45.0,3405.0,CLK2020
2018-08-31,63.77,20.0,3413.0,CLK2020
2018-09-04,64.04,4.0,3413.0,CLK2020
2018-09-05,63.41,0.0,3417.0,CLK2020
2018-09-06,62.83,0.0,3417.0,CLK2020
2018-09-07,62.97,149.0,3417.0,CLK2020
2018-09-10,63.2,222.0,3475.0,CLK2020
2018-09-11,64.34,14.0,3656.0,CLK2020
2018-09-12,65.3,190.0,3668.0,CLK2020
2018-09-13,64.19,32.0,4046.0,CLK2020
2018-09-14,64.53,106.0,4019.0,CLK2020
2018-09-17,64.58,4.0,4024.0,CLK2020
2018-09-18,65.11,33.0,4025.0,CLK2020
2018-09-19,65.5,369.0,4043.0,CLK2020
2018-09-20,65.3,283.0,4611.0,CLK2020
2018-09-21,65.34,281.0,4625.0,CLK2020
2018-09-24,66.49,333.0,4627.0,CLK2020
2018-09-25,66.92,380.0,4651.0,CLK2020
2018-09-26,66.62,303.0,4831.0,CLK2020
2018-09-27,67.09,364.0,4749.0,CLK2020
2018-09-28,67.88,471.0,4900.0,CLK2020
2018-10-01,69.72,80.0,4987.0,CLK2020
2018-10-02,69.9,61.0,4993.0,CLK2020
2018-10-03,71.08,100.0,4999.0,CLK2020
2018-10-04,69.77,99.0,5025.0,CLK2020
2018-10-05,70.05,358.0,5031.0,CLK2020
2018-10-08,70.06,422.0,5169.0,CLK2020
2018-10-09,70.67,46.0,5294.0,CLK2020
2018-10-10,69.27,20.0,5292.0,CLK2020
2018-10-11,67.29,241.0,5294.0,CLK2020
2018-10-12,67.4,232.0,5274.0,CLK2020
2018-10-15,67.6,130.0,5200.0,CLK2020
2018-10-16,67.99,359.0,5145.0,CLK2020
2018-10-17,66.71,233.0,5222.0,CLK2020
2018-10-18,65.97,937.0,5303.0,CLK2020
2018-10-19,66.69,73.0,5461.0,CLK2020
2018-10-22,67.37,269.0,5459.0,CLK2020
2018-10-23,64.99,651.0,5473.0,CLK2020
2018-10-24,65.11,357.0,5297.0,CLK2020
2018-10-25,65.48,134.0,5196.0,CLK2020
2018-10-26,65.94,258.0,5149.0,CLK2020
2018-10-29,65.93,45.0,5195.0,CLK2020
2018-10-30,64.89,126.0,5231.0,CLK2020
2018-10-31,64.4,308.0,5270.0,CLK2020
2018-11-01,62.83,65.0,5211.0,CLK2020
2018-11-02,62.61,156.0,5705.0,CLK2020
2018-11-05,62.8,160.0,5668.0,CLK2020
2018-11-06,62.5,402.0,5689.0,CLK2020
2018-11-07,63.29,909.0,5798.0,CLK2020
2018-11-08,62.39,1515.0,5967.0,CLK2020
2018-11-09,61.59,2805.0,6778.0,CLK2020
2018-11-12,61.31,1071.0,7356.0,CLK2020
2018-11-13,57.67,464.0,7260.0,CLK2020
2018-11-14,58.23,497.0,7373.0,CLK2020
2018-11-15,57.91,627.0,7323.0,CLK2020
2018-11-16,57.75,689.0,7332.0,CLK2020
2018-11-19,57.74,990.0,7553.0,CLK2020
2018-11-20,53.92,752.0,7734.0,CLK2020
2018-11-21,55.27,2050.0,8021.0,CLK2020
2018-11-23,51.81,2520.0,7783.0,CLK2020
2018-11-26,52.75,141.0,7940.0,CLK2020
2018-11-27,52.94,293.0,7924.0,CLK2020
2018-11-28,52.17,309.0,7965.0,CLK2020
2018-11-29,53.07,321.0,7957.0,CLK2020
2018-11-30,51.94,276.0,7886.0,CLK2020
2018-12-03,54.03,490.0,7962.0,CLK2020
2018-12-04,54.69,316.0,8070.0,CLK2020
2018-12-05,54.48,236.0,8058.0,CLK2020
2018-12-06,53.51,249.0,8123.0,CLK2020
2018-12-07,54.2,286.0,8079.0,CLK2020
2018-12-10,52.57,271.0,8052.0,CLK2020
2018-12-11,52.87,548.0,8022.0,CLK2020
2018-12-12,52.97,64.0,8145.0,CLK2020
2018-12-13,54.17,488.0,8095.0,CLK2020
2018-12-14,53.25,288.0,8127.0,CLK2020
2018-12-17,52.77,172.0,8159.0,CLK2020
2018-12-18,49.65,830.0,8199.0,CLK2020
2018-12-19,50.89,692.0,8354.0,CLK2020
2018-12-20,49.03,178.0,8420.0,CLK2020
2018-12-21,48.62,827.0,8375.0,CLK2020
2018-12-24,46.08,208.0,8438.0,CLK2020
2018-12-26,49.37,326.0,8411.0,CLK2020
2018-12-27,47.96,343.0,8332.0,CLK2020
2018-12-28,48.13,279.0,8259.0,CLK2020
2018-12-31,48.99,280.0,8264.0,CLK2020
2019-01-02,50.21,410.0,8205.0,CLK2020
2019-01-03,50.79,575.0,8324.0,CLK2020
2019-01-04,51.54,1023.0,8569.0,CLK2020
2019-01-07,51.85,301.0,8396.0,CLK2020
2019-01-08,53.11,363.0,8488.0,CLK2020
2019-01-09,55.29,710.0,8589.0,CLK2020
2019-01-10,55.39,203.0,8743.0,CLK2020
2019-01-11,54.2,315.0,8726.0,CLK2020
2019-01-14,53.11,184.0,8713.0,CLK2020
2019-01-15,54.27,220.0,8667.0,CLK2020
2019-01-16,54.69,299.0,8684.0,CLK2020
2019-01-17,54.38,352.0,8674.0,CLK2020
2019-01-18,55.11,1568.0,8662.0,CLK2020
2019-01-22,54.84,1001.0,8462.0,CLK2020
2019-01-23,54.62,280.0,8513.0,CLK2020
2019-01-24,54.7,485.0,8683.0,CLK2020
2019-01-25,55.02,810.0,8588.0,CLK2020
2019-01-28,53.72,920.0,9194.0,CLK2020
2019-01-29,54.78,307.0,9538.0,CLK2020
2019-01-30,54.88,442.0,9527.0,CLK2020
2019-01-31,54.36,1099.0,9542.0,CLK2020
2019-02-01,55.94,1606.0,10217.0,CLK2020
2019-02-04,55.98,2014.0,10391.0,CLK2020
2019-02-05,55.85,827.0,10645.0,CLK2020
2019-02-06,56.22,930.0,10550.0,CLK2020
2019-02-07,55.16,322.0,10573.0,CLK2020
2019-02-08,55.19,336.0,10541.0,CLK2020
2019-02-11,55.1,466.0,10615.0,CLK2020
2019-02-12,55.66,322.0,10756.0,CLK2020
2019-02-13,56.38,1264.0,10899.0,CLK2020
2019-02-14,56.7,389.0,10906.0,CLK2020
2019-02-15,57.97,1382.0,10981.0,CLK2020
2019-02-19,58.25,567.0,11160.0,CLK2020
2019-02-20,58.54,978.0,11068.0,CLK2020
2019-02-21,58.54,1158.0,11140.0,CLK2020
2019-02-22,58.68,739.0,11548.0,CLK2020
2019-02-25,57.12,621.0,11641.0,CLK2020
2019-02-26,57.5,1147.0,11773.0,CLK2020
2019-02-27,58.41,2310.0,11895.0,CLK2020
2019-02-28,58.38,1488.0,12711.0,CLK2020
2019-03-01,57.36,1359.0,12748.0,CLK2020
2019-03-04,58.22,388.0,12779.0,CLK2020
2019-03-05,58.22,230.0,13015.0,CLK2020
2019-03-06,58.13,235.0,13028.0,CLK2020
2019-03-07,58.34,916.0,12966.0,CLK2020
2019-03-08,57.84,992.0,13030.0,CLK2020
2019-03-11,58.33,611.0,12963.0,CLK2020
2019-03-12,58.34,1793.0,13097.0,CLK2020
2019-03-13,59.17,2142.0,13094.0,CLK2020
2019-03-14,59.04,4119.0,13779.0,CLK2020
2019-03-15,59.01,568.0,15107.0,CLK2020
2019-03-18,59.14,3175.0,15004.0,CLK2020
2019-03-19,59.25,761.0,14741.0,CLK2020
2019-03-20,59.83,1139.0,14846.0,CLK2020
2019-03-21,59.43,1684.0,15187.0,CLK2020
2019-03-22,58.74,1360.0,15559.0,CLK2020
2019-03-25,58.74,1730.0,16051.0,CLK2020
2019-03-26,58.99,1907.0,16790.0,CLK2020
2019-03-27,58.71,1360.0,17619.0,CLK2020
2019-03-28,58.66,543.0,17674.0,CLK2020
2019-03-29,59.07,1162.0,17847.0,CLK2020
2019-04-01,59.91,1496.0,18142.0,CLK2020
2019-04-02,60.15,3621.0,18350.0,CLK2020
2019-04-03,60.22,5562.0,20906.0,CLK2020
2019-04-04,60.18,2359.0,20378.0,CLK2020
2019-04-05,60.61,3406.0,20926.0,CLK2020
2019-04-08,60.92,4157.0,21007.0,CLK2020
2019-04-09,60.78,3875.0,20630.0,CLK2020
2019-04-10,61.51,3735.0,21727.0,CLK2020
2019-04-11,61.1,3510.0,22341.0,CLK2020
2019-04-12,61.43,2535.0,23011.0,CLK2020
2019-04-15,61.42,1803.0,23400.0,CLK2020
2019-04-16,61.67,1874.0,23404.0,CLK2020
2019-04-17,61.59,2208.0,23233.0,CLK2020
2019-04-18,61.4,2066.0,23452.0,CLK2020
2019-04-22,61.99,4527.0,23865.0,CLK2020
2019-04-23,62.43,2752.0,26004.0,CLK2020
2019-04-24,62.41,1927.0,27563.0,CLK2020
2019-04-25,62.19,1684.0,28372.0,CLK2020
2019-04-26,60.7,894.0,28817.0,CLK2020
2019-04-29,60.86,3618.0,28900.0,CLK2020
2019-04-30,61.21,1021.0,28191.0,CLK2020
2019-05-01,61.14,829.0,28443.0,CLK2020
2019-05-02,59.67,1123.0,28557.0,CLK2020
2019-05-03,59.7,1118.0,28791.0,CLK2020
2019-05-06,60.08,1641.0,29076.0,CLK2020
2019-05-07,59.14,2751.0,28846.0,CLK2020
2019-05-08,59.86,1414.0,28949.0,CLK2020
2019-05-09,59.6,3474.0,28990.0,CLK2020
2019-05-10,59.56,2196.0,29522.0,CLK2020
2019-05-13,59.17,2867.0,30386.0,CLK2020
2019-05-14,59.97,2217.0,30309.0,CLK2020
2019-05-15,60.41,3307.0,31146.0,CLK2020
2019-05-16,60.9,3400.0,32264.0,CLK2020
2019-05-17,60.54,3369.0,33429.0,CLK2020
2019-05-20,60.84,2153.0,34486.0,CLK2020
2019-05-21,60.93,807.0,33838.0,CLK2020
2019-05-22,59.43,547.0,34063.0,CLK2020
2019-05-23,56.3,3447.0,34130.0,CLK2020
2019-05-24,57.16,3243.0,34143.0,CLK2020
2019-05-28,58.02,5112.0,33479.0,CLK2020
2019-05-29,57.5,6875.0,33715.0,CLK2020
2019-05-30,55.51,1439.0,34526.0,CLK2020
2019-05-31,52.73,2052.0,33846.0,CLK2020
2019-06-03,52.56,1219.0,33498.0,CLK2020
2019-06-04,52.76,2796.0,33394.0,CLK2020
2019-06-05,51.1,5123.0,33060.0,CLK2020
2019-06-06,51.96,4125.0,32576.0,CLK2020
2019-06-07,53.3,2058.0,32962.0,CLK2020
2019-06-10,53.01,981.0,33000.0,CLK2020
2019-06-11,53.3,4702.0,33111.0,CLK2020
2019-06-12,51.39,3174.0,34716.0,CLK2020
2019-06-13,52.36,3365.0,35240.0,CLK2020
2019-06-14,52.43,5022.0,35064.0,CLK2020
2019-06-17,51.89,3355.0,35788.0,CLK2020
2019-06-18,53.29,5792.0,34853.0,CLK2020
2019-06-19,53.09,3161.0,34608.0,CLK2020
2019-06-20,55.55,3899.0,32727.0,CLK2020
2019-06-21,55.76,3026.0,32746.0,CLK2020
2019-06-24,56.07,912.0,33250.0,CLK2020
2019-06-25,56.26,1260.0,33435.0,CLK2020
2019-06-26,57.43,8519.0,33453.0,CLK2020
2019-06-27,57.42,1965.0,33961.0,CLK2020
2019-06-28,56.53,2902.0,34307.0,CLK2020
2019-07-01,57.14,7441.0,34569.0,CLK2020
2019-07-02,54.89,6055.0,35680.0,CLK2020
2019-07-03,56.21,2499.0,35509.0,CLK2020
2019-07-05,56.21,2021.0,34988.0,CLK2020
2019-07-08,56.39,2034.0,35406.0,CLK2020
2019-07-09,56.66,3088.0,35682.0,CLK2020
2019-07-10,58.76,4439.0,36688.0,CLK2020
2019-07-11,58.46,2725.0,37322.0,CLK2020
2019-07-12,58.51,2511.0,37815.0,CLK2020
2019-07-15,57.85,3257.0,37981.0,CLK2020
2019-07-16,56.04,1982.0,37800.0,CLK2020
2019-07-17,55.59,3447.0,37961.0,CLK2020
2019-07-18,54.33,4326.0,37582.0,CLK2020
2019-07-19,54.93,1599.0,38257.0,CLK2020
2019-07-22,55.34,2213.0,38312.0,CLK2020
2019-07-23,55.78,848.0,38989.0,CLK2020
2019-07-24,55.11,2741.0,39002.0,CLK2020
2019-07-25,55.38,3734.0,40416.0,CLK2020
2019-07-26,55.59,3544.0,40983.0,CLK2020
2019-07-29,55.93,3718.0,42463.0,CLK2020
2019-07-30,56.72,3801.0,43177.0,CLK2020
2019-07-31,57.15,4451.0,43743.0,CLK2020
2019-08-01,52.96,6176.0,44318.0,CLK2020
2019-08-02,54.54,5543.0,44182.0,CLK2020
2019-08-05,53.27,9939.0,42688.0,CLK2020
2019-08-06,52.53,5663.0,41540.0,CLK2020
2019-08-07,50.18,10573.0,42113.0,CLK2020
2019-08-08,51.05,7602.0,42544.0,CLK2020
2019-08-09,52.41,11432.0,42342.0,CLK2020
2019-08-12,52.67,8576.0,43318.0,CLK2020
2019-08-13,54.98,8461.0,42492.0,CLK2020
2019-08-14,53.31,3659.0,41815.0,CLK2020
2019-08-15,52.28,3301.0,41775.0,CLK2020
2019-08-16,52.41,6321.0,41540.0,CLK2020
2019-08-19,53.36,5349.0,41678.0,CLK2020
2019-08-20,53.55,9758.0,41504.0,CLK2020
2019-08-21,53.64,5939.0,41607.0,CLK2020
2019-08-22,53.34,4004.0,41940.0,CLK2020
2019-08-23,52.34,3950.0,41806.0,CLK2020
2019-08-26,51.88,3072.0,41762.0,CLK2020
2019-08-27,52.96,2358.0,41886.0,CLK2020
2019-08-28,53.65,7776.0,41921.0,CLK2020
2019-08-29,54.13,10944.0,43272.0,CLK2020
2019-08-30,52.79,10208.0,44193.0,CLK2020
2019-09-03,51.98,5110.0,45317.0,CLK2020
2019-09-04,54.12,6443.0,45403.0,CLK2020
2019-09-05,54.15,9833.0,44931.0,CLK2020
2019-09-06,54.42,6338.0,46242.0,CLK2020
2019-09-09,55.41,8321.0,45857.0,CLK2020
2019-09-10,55.02,9269.0,46257.0,CLK2020
2019-09-11,53.83,10193.0,47726.0,CLK2020
2019-09-12,53.39,9340.0,47521.0,CLK2020
2019-09-13,53.0,5253.0,48493.0,CLK2020
2019-09-16,57.68,45432.0,48799.0,CLK2020
2019-09-17,55.49,14902.0,56463.0,CLK2020
2019-09-18,55.03,8966.0,57590.0,CLK2020
2019-09-19,55.34,10784.0,54058.0,CLK2020
2019-09-20,55.31,10273.0,52299.0,CLK2020
2019-09-23,55.92,5274.0,51213.0,CLK2020
2019-09-24,54.68,6342.0,50706.0,CLK2020
2019-09-25,54.11,5084.0,51014.0,CLK2020
2019-09-26,53.99,4794.0,51428.0,CLK2020
2019-09-27,53.56,4281.0,51956.0,CLK2020
2019-09-30,52.12,4708.0,52200.0,CLK2020
2019-10-01,51.81,5915.0,51750.0,CLK2020
2019-10-02,51.02,10246.0,52446.0,CLK2020
2019-10-03,50.97,8218.0,53682.0,CLK2020
2019-10-04,51.46,8656.0,53734.0,CLK2020
2019-10-07,51.63,18890.0,54766.0,CLK2020
2019-10-08,51.69,17645.0,56621.0,CLK2020
2019-10-09,51.72,15410.0,57158.0,CLK2020
2019-10-10,52.5,23108.0,58029.0,CLK2020
2019-10-11,53.88,19740.0,57218.0,CLK2020
2019-10-14,53.08,7305.0,60169.0,CLK2020
2019-10-15,52.27,8431.0,61741.0,CLK2020
2019-10-16,52.75,6609.0,62664.0,CLK2020
2019-10-17,53.08,9711.0,63884.0,CLK2020
2019-10-18,52.8,12163.0,64082.0,CLK2020
2019-10-21,52.7,7697.0,62651.0,CLK2020
2019-10-22,53.46,10004.0,63800.0,CLK2020
2019-10-23,54.77,16215.0,63888.0,CLK2020
2019-10-24,55.09,13178.0,63942.0,CLK2020
2019-10-25,55.55,10118.0,64505.0,CLK2020
2019-10-28,55.01,8670.0,64724.0,CLK2020
2019-10-29,54.89,9161.0,66026.0,CLK2020
2019-10-30,53.95,15844.0,67245.0,CLK2020
2019-10-31,53.31,17511.0,66911.0,CLK2020
2019-11-01,55.2,10376.0,66474.0,CLK2020
2019-11-04,55.45,15733.0,66792.0,CLK2020
2019-11-05,56.03,15215.0,67493.0,CLK2020
2019-11-06,54.96,16364.0,69119.0,CLK2020
2019-11-07,55.67,27162.0,71806.0,CLK2020
2019-11-08,55.99,21568.0,76111.0,CLK2020
2019-11-11,55.78,16984.0,76958.0,CLK2020
2019-11-12,55.84,13921.0,76259.0,CLK2020
2019-11-13,56.13,12822.0,77066.0,CLK2020
2019-11-14,55.78,15835.0,77097.0,CLK2020
2019-11-15,56.57,15408.0,79843.0,CLK2020
2019-11-18,55.88,7616.0,81016.0,CLK2020
2019-11-19,54.36,16163.0,81429.0,CLK2020
2019-11-20,55.84,21171.0,84035.0,CLK2020
2019-11-21,57.12,25698.0,86879.0,CLK2020
2019-11-22,56.57,14907.0,88164.0,CLK2020
2019-11-25,56.88,13200.0,90700.0,CLK2020
2019-11-26,57.32,11364.0,91482.0,CLK2020
2019-11-27,57.19,11829.0,91395.0,CLK2020
2019-11-29,54.45,15505.0,91466.0,CLK2020
2019-12-02,55.17,17947.0,92123.0,CLK2020
2019-12-03,55.19,16801.0,94454.0,CLK2020
2019-12-04,57.21,28572.0,93277.0,CLK2020
2019-12-05,57.26,18635.0,93534.0,CLK2020
2019-12-06,57.92,37228.0,95311.0,CLK2020
2019-12-09,57.88,33750.0,98696.0,CLK2020
2019-12-10,58.15,35818.0,105068.0,CLK2020
2019-12-11,57.58,32634.0,108412.0,CLK2020
2019-12-12,57.95,30457.0,105571.0,CLK2020
2019-12-13,58.8,21598.0,106878.0,CLK2020
2019-12-16,59.02,14834.0,108681.0,CLK2020
2019-12-17,59.6,25453.0,110228.0,CLK2020
2019-12-18,59.69,30071.0,111979.0,CLK2020
2019-12-19,59.97,27900.0,114623.0,CLK2020
2019-12-20,59.55,55637.0,119177.0,CLK2020
2019-12-23,59.68,24644.0,121381.0,CLK2020
2019-12-24,60.26,9965.0,124470.0,CLK2020
2019-12-26,60.73,17596.0,123382.0,CLK2020
2019-12-27,60.79,19018.0,122102.0,CLK2020
2019-12-30,60.66,18607.0,122165.0,CLK2020
2019-12-31,59.97,16695.0,123512.0,CLK2020
2020-01-02,60.24,21722.0,121295.0,CLK2020
2020-01-03,62.02,65776.0,121323.0,CLK2020
2020-01-06,62.23,42766.0,128243.0,CLK2020
2020-01-07,61.81,39299.0,129466.0,CLK2020
2020-01-08,58.92,102630.0,128978.0,CLK2020
2020-01-09,58.99,60724.0,119120.0,CLK2020
2020-01-10,58.63,60175.0,119175.0,CLK2020
2020-01-13,57.82,45317.0,123445.0,CLK2020
2020-01-14,58.02,43219.0,128175.0,CLK2020
2020-01-15,57.58,33947.0,128062.0,CLK2020
2020-01-16,58.21,49659.0,129856.0,CLK2020
2020-01-17,58.3,40720.0,130334.0,CLK2020
2020-01-21,58.16,71118.0,129516.0,CLK2020
2020-01-22,56.66,60956.0,135524.0,CLK2020
2020-01-23,55.54,96846.0,140423.0,CLK2020
2020-01-24,54.12,39245.0,137626.0,CLK2020
2020-01-27,53.13,59637.0,139882.0,CLK2020
2020-01-28,53.48,72359.0,138081.0,CLK2020
2020-01-29,53.42,79032.0,138002.0,CLK2020
2020-01-30,52.27,99442.0,149662.0,CLK2020
2020-01-31,51.77,117758.0,163147.0,CLK2020
2020-02-03,50.45,130372.0,162052.0,CLK2020
2020-02-04,50.01,98555.0,161815.0,CLK2020
2020-02-05,51.13,97778.0,156817.0,CLK2020
2020-02-06,51.37,98044.0,150513.0,CLK2020
2020-02-07,50.82,111187.0,147261.0,CLK2020
2020-02-10,50.03,105566.0,153631.0,CLK2020
2020-02-11,50.45,107066.0,160601.0,CLK2020
2020-02-12,51.68,127510.0,169566.0,CLK2020
2020-02-13,51.93,116086.0,188134.0,CLK2020
2020-02-14,52.6,105970.0,199983.0,CLK2020
2020-02-18,52.58,117188.0,206296.0,CLK2020
2020-02-19,53.74,106954.0,205438.0,CLK2020
2020-02-20,54.06,136767.0,209376.0,CLK2020
2020-02-21,53.5,140297.0,212897.0,CLK2020
2020-02-24,51.58,133681.0,216420.0,CLK2020
2020-02-25,50.06,140478.0,221429.0,CLK2020
2020-02-26,48.88,175725.0,232594.0,CLK2020
2020-02-27,47.29,188802.0,230080.0,CLK2020
2020-02-28,44.94,217972.0,229905.0,CLK2020
2020-03-02,46.92,187872.0,224283.0,CLK2020
2020-03-03,47.33,194568.0,237570.0,CLK2020
2020-03-04,46.95,151832.0,239409.0,CLK2020
2020-03-05,46.06,156308.0,249530.0,CLK2020
2020-03-06,41.51,382663.0,263380.0,CLK2020
2020-03-09,31.47,653292.0,291960.0,CLK2020
2020-03-10,34.73,395303.0,320060.0,CLK2020
2020-03-11,33.39,306673.0,363108.0,CLK2020
2020-03-12,31.98,496504.0,392049.0,CLK2020
2020-03-13,32.11,347765.0,436175.0,CLK2020
2020-03-16,29.0,469400.0,446519.0,CLK2020
2020-03-17,27.33,509875.0,472470.0,CLK2020
2020-03-18,20.83,989285.0,484337.0,CLK2020
2020-03-19,25.91,1177650.0,500095.0,CLK2020
2020-03-20,22.63,1124605.0,529246.0,CLK2020
2020-03-23,23.36,845079.0,541043.0,CLK2020
2020-03-24,24.01,654165.0,546699.0,CLK2020
2020-03-25,24.49,613892.0,542885.0,CLK2020
2020-03-26,22.6,626433.0,550318.0,CLK2020
2020-03-27,21.51,591705.0,564179.0,CLK2020
2020-03-30,20.09,739372.0,579954.0,CLK2020
2020-03-31,20.48,642994.0,610071.0,CLK2020
2020-04-01,20.31,693167.0,627441.0,CLK2020
2020-04-02,25.32,1088575.0,628603.0,CLK2020
2020-04-03,28.34,983892.0,634727.0,CLK2020
2020-04-06,26.08,748508.0,595835.0,CLK2020
2020-04-07,23.63,762093.0,579261.0,CLK2020
2020-04-08,25.09,783938.0,516106.0,CLK2020
2020-04-09,22.76,1086003.0,445563.0,CLK2020
2020-04-13,22.41,736591.0,374727.0,CLK2020
2020-04-14,20.11,769916.0,324547.0,CLK2020
2020-04-15,19.87,529484.0,231678.0,CLK2020
2020-04-16,19.87,339086.0,203897.0,CLK2020
2020-04-17,18.27,233170.0,148838.0,CLK2020
2020-04-20,-37.63,231128.0,108593.0,CLK2020
2020-04-21,10.01,12250.0,13044.0,CLK2020
