UID,iso2,iso3,code3,FIPS,Admin2,Province_State,Country_Region,Lat,Long_,Combined_Key,1/22/20,1/23/20,1/24/20,1/25/20,1/26/20,1/27/20,1/28/20,1/29/20,1/30/20,1/31/20,2/1/20,2/2/20,2/3/20,2/4/20,2/5/20,2/6/20,2/7/20,2/8/20,2/9/20,2/10/20,2/11/20,2/12/20,2/13/20,2/14/20,2/15/20,2/16/20,2/17/20,2/18/20,2/19/20,2/20/20,2/21/20,2/22/20,2/23/20,2/24/20,2/25/20,2/26/20,2/27/20,2/28/20,2/29/20,3/1/20,3/2/20,3/3/20,3/4/20,3/5/20,3/6/20,3/7/20,3/8/20,3/9/20,3/10/20,3/11/20,3/12/20,3/13/20,3/14/20,3/15/20,3/16/20,3/17/20,3/18/20,3/19/20,3/20/20,3/21/20,3/22/20,3/23/20,3/24/20,3/25/20,3/26/20,3/27/20,3/28/20,3/29/20,3/30/20,3/31/20,4/1/20,4/2/20,4/3/20,4/4/20,4/5/20,4/6/20,4/7/20,4/8/20,4/9/20,4/10/20,4/11/20,4/12/20,4/13/20,4/14/20,4/15/20,4/16/20,4/17/20,4/18/20,4/19/20,4/20/20,4/21/20,4/22/20,4/23/20,4/24/20
84036000,US,USA,840,36001,Albany,New York,US,42.6006,-73.9772,"Albany, New York, US",0,0,0,0,0,0,0,0,0,0,0,0,0,0,0,0,0,0,0,0,0,0,0,0,0,0,0,0,0,0,0,0,0,0,0,0,0,0,0,0,0,0,0,0,0,0,0,0,0,0,2,2,7,7,15,25,36,43,70,88,123,127,146,152,171,187,195,205,217,226,240,253,267,293,305,319,333,342,379,426,446,478,499,535,548,581,619,648,682,687,704,737,758,805
84036000,US,USA,840,36003,Allegany,New York,US,42.2575,-78.0275,"Allegany, New York, US",0,0,0,0,0,0,0,0,0,0,0,0,0,0,0,0,0,0,0,0,0,0,0,0,0,0,0,0,0,0,0,0,0,0,0,0,0,0,0,0,0,0,0,0,0,0,0,0,0,0,0,0,0,0,2,2,2,2,2,2,2,2,2,2,2,2,2,6,7,9,10,12,14,16,16,17,17,21,22,26,26,26,26,28,28,28,29,30,30,30,30,30,30,31
84036000,US,USA,840,36005,Bronx,New York,US,40.8521,-73.8628,"Bronx, New York, US",0,0,0,0,0,0,0,0,0,0,0,0,0,0,0,0,0,0,0,0,0,0,0,0,0,0,0,0,0,0,0,0,0,0,0,0,0,0,0,0,0,0,0,0,0,0,0,0,0,0,0,0,0,0,0,0,0,0,0,0,0,0,0,0,0,0,0,0,0,0,0,0,0,0,0,0,0,0,0,0,0,0,0,0,0,0,0,0,0,0,0,0,0,0
84036000,US,USA,840,36007,Broome,New York,US,42.159,-75.8133,"Broome, New York, US",0,0,0,0,0,0,0,0,0,0,0,0,0,0,0,0,0,0,0,0,0,0,0,0,0,0,0,0,0,0,0,0,0,0,0,0,0,0,0,0,0,0,0,0,0,0,0,0,0,0,0,1,1,1,1,1,1,1,1,2,3,3,9,11,16,18,23,29,35,38,42,46,56,65,71,76,86,93,105,112,117,126,133,146,153,167,178,186,192,199,205,219,224,232
84036000,US,USA,840,36009,Cattaraugus,New York,US,42.2478,-78.6792,"Cattaraugus, New York, US",0,0,0,0,0,0,0,0,0,0,0,0,0,0,0,0,0,0,0,0,0,0,0,0,0,0,0,0,0,0,0,0,0,0,0,0,0,0,0,0,0,0,0,0,0,0,0,0,0,0,0,0,0,0,0,0,0,0,0,0,0,0,0,0,0,0,1,4,6,6,7,8,9,9,10,12,13,15,17,18,19,28,28,32,32,32,34,34,34,34,35,37,37,39
84036000,US,USA,840,36011,Cayuga,New York,US,42.9126,-76.5573,"Cayuga, New York, US",0,0,0,0,0,0,0,0,0,0,0,0,0,0,0,0,0,0,0,0,0,0,0,0,0,0,0,0,0,0,0,0,0,0,0,0,0,0,0,0,0,0,0,0,0,0,0,0,0,0,0,0,0,0,0,0,0,0,0,0,0,0,2,2,2,2,2,2,3,4,4,4,6,7,8,11,14,14,16,27,28,31,31,33,36,36,36,36,36,36,36,36,37,39
84036000,US,USA,840,36013,Chautauqua,New York,US,42.2277,-79.3669,"Chautauqua, New York, US",0,0,0,0,0,0,0,0,0,0,0,0,0,0,0,0,0,0,0,0,0,0,0,0,0,0,0,0,0,0,0,0,0,0,0,0,0,0,0,0,0,0,0,0,0,0,0,0,0,0,0,0,0,0,0,0,0,0,0,0,0,0,2,2,2,2,5,7,7,7,8,8,9,10,18,18,18,18,22,22,22,23,23,23,24,24,25,25,25,25,25,36,26,27
84036000,US,USA,840,36015,Chemung,New York,US,42.1389,-76.7639,"Chemung, New York, US",0,0,0,0,0,0,0,0,0,0,0,0,0,0,0,0,0,0,0,0,0,0,0,0,0,0,0,0,0,0,0,0,0,0,0,0,0,0,0,0,0,0,0,0,0,0,0,0,0,0,0,0,0,0,0,0,0,0,0,0,0,2,3,3,7,11,12,15,15,20,22,22,35,36,38,47,49,55,59,59,60,60,60,64,69,70,71,72,73,73,75,75,76,79
84036000,US,USA,840,36017,Chenango,New York,US,42.4943,-75.6089,"Chenango, New York, US",0,0,0,0,0,0,0,0,0,0,0,0,0,0,0,0,0,0,0,0,0,0,0,0,0,0,0,0,0,0,0,0,0,0,0,0,0,0,0,0,0,0,0,0,0,0,0,0,0,0,0,0,0,0,0,0,1,1,1,2,2,2,3,3,3,4,8,15,17,19,26,28,32,39,43,46,51,53,55,60,61,63,65,68,71,73,76,77,78,78,79,79,82,84
84036000,US,USA,840,36019,Clinton,New York,US,44.7453,-73.6788,"Clinton, New York, US",0,0,0,0,0,0,0,0,0,0,0,0,0,0,0,0,0,0,0,0,0,0,0,0,0,0,0,0,0,0,0,0,0,0,0,0,0,0,0,0,0,0,0,0,0,0,0,0,0,0,0,0,0,0,0,1,1,1,3,4,4,4,6,10,11,11,12,13,17,21,25,25,30,31,33,36,37,39,40,43,43,43,44,45,45,46,47,48,49,51,56,56,52,53
84036000,US,USA,840,36021,Columbia,New York,US,42.2482,-73.6309,"Columbia, New York, US",0,0,0,0,0,0,0,0,0,0,0,0,0,0,0,0,0,0,0,0,0,0,0,0,0,0,0,0,0,0,0,0,0,0,0,0,0,0,0,0,0,0,0,0,0,0,0,0,0,0,0,0,0,0,0,0,0,0,3,7,17,17,18,19,24,27,30,30,36,36,41,45,51,57,69,70,72,76,83,84,87,87,93,93,100,100,101,105,107,111,120,120,123,129
84036000,US,USA,840,36023,Cortland,New York,US,42.5951,-76.0705,"Cortland, New York, US",0,0,0,0,0,0,0,0,0,0,0,0,0,0,0,0,0,0,0,0,0,0,0,0,0,0,0,0,0,0,0,0,0,0,0,0,0,0,0,0,0,0,0,0,0,0,0,0,0,0,0,0,0,0,0,0,0,0,0,0,2,2,2,3,3,4,7,8,10,10,10,11,14,14,14,14,16,16,16,17,17,21,21,22,23,24,25,25,25,25,25,25,25,25
84036000,US,USA,840,36025,Delaware,New York,US,42.1984,-74.9671,"Delaware, New York, US",0,0,0,0,0,0,0,0,0,0,0,0,0,0,0,0,0,0,0,0,0,0,0,0,0,0,0,0,0,0,0,0,0,0,0,0,0,0,0,0,0,0,0,0,0,0,0,0,0,0,1,1,1,1,1,1,1,1,1,1,1,1,3,5,7,8,8,8,11,16,20,22,24,26,27,29,36,37,37,39,39,39,42,45,46,47,48,49,49,49,62,62,50,51
84036000,US,USA,840,36027,Dutchess,New York,US,41.7649,-73.7436,"Dutchess, New York, US",0,0,0,0,0,0,0,0,0,0,0,0,0,0,0,0,0,0,0,0,0,0,0,0,0,0,0,0,0,0,0,0,0,0,0,0,0,0,0,0,0,0,0,0,0,0,0,0,0,0,1,3,4,4,10,16,20,31,36,49,82,100,124,153,190,225,262,320,392,484,547,667,809,938,1077,1189,1249,1395,1493,1598,1744,1838,1881,1934,2048,2085,2142,2201,2240,2284,2331,2391,2460,2517
84036000,US,USA,840,36029,Erie,New York,US,42.7625,-78.7306,"Erie, New York, US",0,0,0,0,0,0,0,0,0,0,0,0,0,0,0,0,0,0,0,0,0,0,0,0,0,0,0,0,0,0,0,0,0,0,0,0,0,0,0,0,0,0,0,0,0,0,0,0,0,0,0,0,3,3,7,11,20,28,47,50,56,87,114,122,206,245,318,414,443,499,582,617,734,808,1059,1148,1234,1335,1432,1498,1506,1571,1661,1730,1812,1951,2023,2023,2192,2192,2284,2284,2450,2603
84036000,US,USA,840,36031,Essex,New York,US,44.1163,-73.773,"Essex, New York, US",0,0,0,0,0,0,0,0,0,0,0,0,0,0,0,0,0,0,0,0,0,0,0,0,0,0,0,0,0,0,0,0,0,0,0,0,0,0,0,0,0,0,0,0,0,0,0,0,0,0,0,0,0,0,0,1,1,1,1,2,3,3,3,4,5,5,5,5,5,5,6,7,7,7,9,9,9,9,8,10,12,12,12,12,12,12,15,16,18,20,21,22,22,22
84036000,US,USA,840,36033,Franklin,New York,US,44.5904,-74.2993,"Franklin, New York, US",0,0,0,0,0,0,0,0,0,0,0,0,0,0,0,0,0,0,0,0,0,0,0,0,0,0,0,0,0,0,0,0,0,0,0,0,0,0,0,0,0,0,0,0,0,0,0,0,0,0,0,0,0,0,0,0,0,0,0,0,0,0,0,1,1,2,5,6,6,6,9,9,10,10,10,10,10,10,11,11,11,12,12,13,13,13,13,13,13,13,13,13,13,13
84036000,US,USA,840,36035,Fulton,New York,US,43.1136,-74.418,"Fulton, New York, US",0,0,0,0,0,0,0,0,0,0,0,0,0,0,0,0,0,0,0,0,0,0,0,0,0,0,0,0,0,0,0,0,0,0,0,0,0,0,0,0,0,0,0,0,0,0,0,0,0,0,0,0,0,0,0,0,0,0,0,1,1,1,1,1,1,1,1,1,1,1,2,6,6,9,9,11,13,14,15,18,21,21,21,22,24,25,27,27,27,27,27,28,28,29
84036000,US,USA,840,36037,Genesee,New York,US,43.0023,-78.1914,"Genesee, New York, US",0,0,0,0,0,0,0,0,0,0,0,0,0,0,0,0,0,0,0,0,0,0,0,0,0,0,0,0,0,0,0,0,0,0,0,0,0,0,0,0,0,0,0,0,0,0,0,0,0,0,0,0,0,0,0,0,1,1,1,1,1,1,1,2,4,6,7,9,9,11,13,16,17,20,22,23,33,47,56,65,67,70,71,76,76,78,83,87,117,119,121,122,126,127
84036000,US,USA,840,36039,Greene,New York,US,42.2758,-74.1238,"Greene, New York, US",0,0,0,0,0,0,0,0,0,0,0,0,0,0,0,0,0,0,0,0,0,0,0,0,0,0,0,0,0,0,0,0,0,0,0,0,0,0,0,0,0,0,0,0,0,0,0,0,0,0,0,0,0,0,2,2,2,2,2,2,2,2,4,4,5,6,7,7,10,10,18,21,23,24,24,24,24,25,31,34,37,44,45,66,73,74,77,82,85,86,87,87,89,90
84036000,US,USA,840,36041,Hamilton,New York,US,43.6615,-74.4972,"Hamilton, New York, US",0,0,0,0,0,0,0,0,0,0,0,0,0,0,0,0,0,0,0,0,0,0,0,0,0,0,0,0,0,0,0,0,0,0,0,0,0,0,0,0,0,0,0,0,0,0,0,0,0,0,0,0,0,0,0,0,1,1,1,2,2,2,2,2,2,2,2,2,2,2,2,2,2,2,2,2,2,2,3,3,3,3,3,3,3,3,3,3,3,3,3,3,3,3
84036000,US,USA,840,36043,Herkimer,New York,US,43.4203,-74.9615,"Herkimer, New York, US",0,0,0,0,0,0,0,0,0,0,0,0,0,0,0,0,0,0,0,0,0,0,0,0,0,0,0,0,0,0,0,0,0,0,0,0,0,0,0,0,0,0,0,0,0,0,0,0,0,0,1,1,1,1,1,1,1,1,1,3,3,3,4,5,7,9,9,10,12,12,12,14,14,18,22,25,27,29,32,36,37,37,38,39,40,43,46,47,49,49,50,53,54,56
84036000,US,USA,840,36045,Jefferson,New York,US,44.042,-75.9465,"Jefferson, New York, US",0,0,0,0,0,0,0,0,0,0,0,0,0,0,0,0,0,0,0,0,0,0,0,0,0,0,0,0,0,0,0,0,0,0,0,0,0,0,0,0,0,0,0,0,0,0,0,0,0,0,0,0,0,0,0,0,0,0,0,1,1,1,2,2,4,4,6,7,11,11,12,15,18,20,26,33,39,40,42,43,44,46,46,47,47,48,50,50,54,54,54,54,56,58
84036000,US,USA,840,36047,Kings,New York,US,40.6362,-73.9494,"Kings, New York, US",0,0,0,0,0,0,0,0,0,0,0,0,0,0,0,0,0,0,0,0,0,0,0,0,0,0,0,0,0,0,0,0,0,0,0,0,0,0,0,0,0,0,0,0,0,0,0,0,0,0,0,0,0,0,0,0,0,0,0,0,0,0,0,0,0,0,0,0,0,0,0,0,0,0,0,0,0,0,0,0,0,0,0,0,0,0,0,0,0,0,0,0,0,0
84036000,US,USA,840,36049,Lewis,New York,US,43.7844,-75.449,"Lewis, New York, US",0,0,0,0,0,0,0,0,0,0,0,0,0,0,0,0,0,0,0,0,0,0,0,0,0,0,0,0,0,0,0,0,0,0,0,0,0,0,0,0,0,0,0,0,0,0,0,0,0,0,0,0,0,0,0,0,0,0,0,0,0,0,0,0,0,0,0,0,0,2,2,2,2,2,3,6,6,6,6,6,6,6,6,7,7,8,8,8,8,9,9,9,9,9
84036000,US,USA,840,36051,Livingston,New York,US,42.726,-77.7797,"Livingston, New York, US",0,0,0,0,0,0,0,0,0,0,0,0,0,0,0,0,0,0,0,0,0,0,0,0,0,0,0,0,0,0,0,0,0,0,0,0,0,0,0,0,0,0,0,0,0,0,0,0,0,0,0,0,0,0,0,0,0,0,0,2,2,2,3,3,3,3,10,10,13,15,18,18,18,18,24,24,24,29,29,29,30,34,34,34,34,34,34,37,39,39,39,39,41,44
84036100,US,USA,840,36053,Madison,New York,US,42.9165,-75.6727,"Madison, New York, US",0,0,0,0,0,0,0,0,0,0,0,0,0,0,0,0,0,0,0,0,0,0,0,0,0,0,0,0,0,0,0,0,0,0,0,0,0,0,0,0,0,0,0,0,0,0,0,0,0,0,0,0,0,0,0,0,0,0,0,0,0,1,4,7,9,17,28,29,42,49,62,68,77,78,89,92,92,92,102,102,102,105,110,110,110,110,117,117,117,117,117,121,106,106
84036100,US,USA,840,36055,Monroe,New York,US,43.1464,-77.6932,"Monroe, New York, US",0,0,0,0,0,0,0,0,0,0,0,0,0,0,0,0,0,0,0,0,0,0,0,0,0,0,0,0,0,0,0,0,0,0,0,0,0,0,0,0,0,0,0,0,0,0,0,0,0,0,2,1,2,2,11,14,19,30,36,46,68,81,106,118,148,166,202,219,246,257,349,420,464,512,548,574,596,651,698,742,767,798,823,850,884,932,975,1008,1032,1054,1070,1112,1152,1199
84036100,US,USA,840,36057,Montgomery,New York,US,42.9012,-74.4401,"Montgomery, New York, US",0,0,0,0,0,0,0,0,0,0,0,0,0,0,0,0,0,0,0,0,0,0,0,0,0,0,0,0,0,0,0,0,0,0,0,0,0,0,0,0,0,0,0,0,0,0,0,0,0,0,0,0,0,0,1,1,2,2,2,3,3,3,3,4,5,5,6,6,6,6,7,8,10,13,15,15,18,18,28,29,29,29,29,32,32,32,33,34,35,35,37,38,39,39
84036100,US,USA,840,36059,Nassau,New York,US,40.7407,-73.5894,"Nassau, New York, US",0,0,0,0,0,0,0,0,0,0,0,0,0,0,0,0,0,0,0,0,0,0,0,0,0,0,0,0,0,0,0,0,0,0,0,0,0,0,0,0,0,0,0,1,1,4,5,17,19,28,41,51,68,79,109,140,278,372,754,1234,1900,2442,2869,3285,3914,4657,5537,6445,7344,8544,9554,10587,12024,13346,14398,15616,16610,18548,20140,21512,22584,23553,24358,25250,26715,27772,28539,29180,30013,30677,31079,31555,32124,32765
84036100,US,USA,840,36061,New York,New York,US,40.7673,-73.9715,"New York City, New York, US",0,0,0,0,0,0,0,0,0,0,0,0,0,0,0,0,0,0,0,0,0,0,0,0,0,0,0,0,0,0,0,0,0,0,0,0,0,0,0,0,1,1,1,4,11,11,12,19,25,55,95,154,269,269,463,814,1871,3954,5151,7530,9654,12305,14904,17856,21873,25573,29776,33768,37453,43119,47439,51809,57159,63306,67551,72181,76876,81803,87028,92384,98308,103208,106763,110465,118302,123146,127352,131334,134267,136591,139348,142227,145855,150473
84036100,US,USA,840,36063,Niagara,New York,US,43.199,-78.7478,"Niagara, New York, US",0,0,0,0,0,0,0,0,0,0,0,0,0,0,0,0,0,0,0,0,0,0,0,0,0,0,0,0,0,0,0,0,0,0,0,0,0,0,0,0,0,0,0,0,0,0,0,0,0,0,0,0,0,0,0,0,0,4,4,9,9,9,10,12,14,23,33,38,41,41,46,91,94,101,116,120,126,155,155,156,167,194,194,216,229,229,227,234,246,255,260,268,295,332
84036100,US,USA,840,36065,Oneida,New York,US,43.2438,-75.4371,"Oneida, New York, US",0,0,0,0,0,0,0,0,0,0,0,0,0,0,0,0,0,0,0,0,0,0,0,0,0,0,0,0,0,0,0,0,0,0,0,0,0,0,0,0,0,0,0,0,0,0,0,0,0,0,0,0,0,0,0,1,2,2,2,4,4,5,10,10,13,13,23,26,34,34,50,61,71,80,95,100,118,125,158,172,181,195,206,229,246,249,261,268,275,279,284,301,317,323
84036100,US,USA,840,36067,Onondaga,New York,US,43.0049,-76.1997,"Onondaga, New York, US",0,0,0,0,0,0,0,0,0,0,0,0,0,0,0,0,0,0,0,0,0,0,0,0,0,0,0,0,0,0,0,0,0,0,0,0,0,0,0,0,0,0,0,0,0,0,0,0,0,0,0,0,0,0,1,2,6,7,13,34,45,53,60,81,111,123,146,194,228,249,277,301,322,349,364,377,397,422,422,456,456,494,520,537,563,579,598,598,637,646,646,667,600,639
84036100,US,USA,840,36069,Ontario,New York,US,42.8515,-77.3087,"Ontario, New York, US",0,0,0,0,0,0,0,0,0,0,0,0,0,0,0,0,0,0,0,0,0,0,0,0,0,0,0,0,0,0,0,0,0,0,0,0,0,0,0,0,0,0,0,0,0,0,0,0,0,0,0,0,0,0,1,1,1,1,1,4,4,4,6,9,11,14,16,18,20,20,24,26,28,31,32,32,33,39,43,51,56,57,57,61,62,65,67,69,70,71,72,73,73,73
84036100,US,USA,840,36071,Orange,New York,US,41.4034,-74.3024,"Orange, New York, US",0,0,0,0,0,0,0,0,0,0,0,0,0,0,0,0,0,0,0,0,0,0,0,0,0,0,0,0,0,0,0,0,0,0,0,0,0,0,0,0,0,0,0,0,0,0,0,0,0,0,2,3,6,6,11,15,32,51,84,163,247,389,498,638,751,910,1101,1247,1435,1556,1756,1993,2397,2741,3187,3533,3829,4075,4309,4532,4847,5027,5598,5830,5830,6266,6514,6514,6514,6514,7029,7152,6816,7155
84036100,US,USA,840,36073,Orleans,New York,US,43.2517,-78.232,"Orleans, New York, US",0,0,0,0,0,0,0,0,0,0,0,0,0,0,0,0,0,0,0,0,0,0,0,0,0,0,0,0,0,0,0,0,0,0,0,0,0,0,0,0,0,0,0,0,0,0,0,0,0,0,0,0,0,0,0,0,0,0,0,0,0,0,0,0,2,3,3,3,4,5,6,6,6,10,11,13,15,16,22,24,24,25,26,31,33,34,34,41,46,46,53,56,59,60
84036100,US,USA,840,36075,Oswego,New York,US,43.4278,-76.1464,"Oswego, New York, US",0,0,0,0,0,0,0,0,0,0,0,0,0,0,0,0,0,0,0,0,0,0,0,0,0,0,0,0,0,0,0,0,0,0,0,0,0,0,0,0,0,0,0,0,0,0,0,0,0,0,0,0,0,0,0,0,0,0,0,0,0,2,2,2,4,4,9,10,15,15,20,23,28,28,32,34,34,34,36,36,37,42,42,42,42,44,45,45,47,52,52,52,49,51
84036100,US,USA,840,36077,Otsego,New York,US,42.6349,-75.0315,"Otsego, New York, US",0,0,0,0,0,0,0,0,0,0,0,0,0,0,0,0,0,0,0,0,0,0,0,0,0,0,0,0,0,0,0,0,0,0,0,0,0,0,0,0,0,0,0,0,0,0,0,0,0,0,0,0,0,0,0,0,0,0,0,0,0,1,1,2,3,5,7,10,17,17,19,21,21,26,29,29,34,38,39,41,43,43,43,44,44,44,44,47,48,49,49,49,50,50
84036100,US,USA,840,36079,Putnam,New York,US,41.4263,-73.7497,"Putnam, New York, US",0,0,0,0,0,0,0,0,0,0,0,0,0,0,0,0,0,0,0,0,0,0,0,0,0,0,0,0,0,0,0,0,0,0,0,0,0,0,0,0,0,0,0,0,0,0,0,0,0,0,0,0,0,0,2,2,2,5,12,31,31,31,82,84,94,111,131,144,167,167,207,216,252,283,314,345,402,427,456,487,494,507,507,634,634,634,732,732,778,778,807,831,615,619
84036100,US,USA,840,36081,Queens,New York,US,40.7109,-73.8168,"Queens, New York, US",0,0,0,0,0,0,0,0,0,0,0,0,0,0,0,0,0,0,0,0,0,0,0,0,0,0,0,0,0,0,0,0,0,0,0,0,0,0,0,0,0,0,0,0,0,0,0,0,0,0,0,0,0,0,0,0,0,0,0,0,0,0,0,0,0,0,0,0,0,0,0,0,0,0,0,0,0,0,0,0,0,0,0,0,0,0,0,0,0,0,0,0,0,0
84036100,US,USA,840,36083,Rensselaer,New York,US,42.7135,-73.5109,"Rensselaer, New York, US",0,0,0,0,0,0,0,0,0,0,0,0,0,0,0,0,0,0,0,0,0,0,0,0,0,0,0,0,0,0,0,0,0,0,0,0,0,0,0,0,0,0,0,0,0,0,0,0,0,0,0,0,0,0,0,1,4,4,8,20,20,20,33,33,44,44,51,51,52,54,55,60,67,67,74,74,88,88,102,102,102,102,113,140,140,140,150,164,186,186,186,202,191,198
84036100,US,USA,840,36085,Richmond,New York,US,40.5858,-74.1481,"Richmond, New York, US",0,0,0,0,0,0,0,0,0,0,0,0,0,0,0,0,0,0,0,0,0,0,0,0,0,0,0,0,0,0,0,0,0,0,0,0,0,0,0,0,0,0,0,0,0,0,0,0,0,0,0,0,0,0,0,0,0,0,0,0,0,0,0,0,0,0,0,0,0,0,0,0,0,0,0,0,0,0,0,0,0,0,0,0,0,0,0,0,0,0,0,0,0,0
84036100,US,USA,840,36087,Rockland,New York,US,41.1503,-74.0256,"Rockland, New York, US",0,0,0,0,0,0,0,0,0,0,0,0,0,0,0,0,0,0,0,0,0,0,0,0,0,0,0,0,0,0,0,0,0,0,0,0,0,0,0,0,0,0,0,0,0,2,2,4,4,6,7,9,10,12,16,22,31,53,101,262,455,592,671,968,1197,1457,1896,2209,2511,2863,3321,3751,4289,4872,5326,5703,5990,6413,6665,7122,7477,7721,7965,8335,8474,8752,8987,9171,9364,9457,9568,9699,9828,10091
84036100,US,USA,840,36089,St. Lawrence,New York,US,44.4976,-75.0655,"St. Lawrence, New York, US",0,0,0,0,0,0,0,0,0,0,0,0,0,0,0,0,0,0,0,0,0,0,0,0,0,0,0,0,0,0,0,0,0,0,0,0,0,0,0,0,0,0,0,0,0,0,0,0,0,0,0,0,0,0,0,0,0,0,0,0,0,0,1,1,4,4,8,12,13,23,34,39,43,52,61,61,61,78,82,82,82,88,89,92,92,93,96,98,105,110,120,123,139,144
84036100,US,USA,840,36091,Saratoga,New York,US,43.109,-73.8665,"Saratoga, New York, US",0,0,0,0,0,0,0,0,0,0,0,0,0,0,0,0,0,0,0,0,0,0,0,0,0,0,0,0,0,0,0,0,0,0,0,0,0,0,0,0,0,0,0,0,0,2,2,2,2,2,3,3,3,3,5,9,14,14,21,35,35,35,53,64,73,82,96,102,108,108,122,132,141,141,150,153,155,162,172,182,187,196,201,224,227,231,236,244,251,254,272,277,265,278
84036100,US,USA,840,36093,Schenectady,New York,US,42.8167,-74.0528,"Schenectady, New York, US",0,0,0,0,0,0,0,0,0,0,0,0,0,0,0,0,0,0,0,0,0,0,0,0,0,0,0,0,0,0,0,0,0,0,0,0,0,0,0,0,0,0,0,0,0,0,0,0,0,0,0,1,1,1,4,5,14,14,14,32,32,32,44,55,62,66,72,76,80,85,93,101,110,117,128,138,145,149,167,191,194,199,204,235,237,245,295,295,295,295,336,352,288,297
84036100,US,USA,840,36095,Schoharie,New York,US,42.5883,-74.4434,"Schoharie, New York, US",0,0,0,0,0,0,0,0,0,0,0,0,0,0,0,0,0,0,0,0,0,0,0,0,0,0,0,0,0,0,0,0,0,0,0,0,0,0,0,0,0,0,0,0,0,0,0,0,0,0,0,0,0,0,0,0,0,1,2,1,1,1,1,2,2,3,5,5,6,6,9,9,11,11,11,11,12,12,12,12,12,12,12,20,20,20,20,20,20,20,20,20,21,21
84036100,US,USA,840,36097,Schuyler,New York,US,42.3918,-76.8773,"Schuyler, New York, US",0,0,0,0,0,0,0,0,0,0,0,0,0,0,0,0,0,0,0,0,0,0,0,0,0,0,0,0,0,0,0,0,0,0,0,0,0,0,0,0,0,0,0,0,0,0,0,0,0,0,0,0,0,0,0,0,0,0,0,0,0,0,0,0,0,0,1,1,2,2,2,3,3,4,4,4,4,4,4,5,5,5,8,8,8,8,8,8,8,8,8,8,7,7
84036100,US,USA,840,36099,Seneca,New York,US,42.7808,-76.825,"Seneca, New York, US",0,0,0,0,0,0,0,0,0,0,0,0,0,0,0,0,0,0,0,0,0,0,0,0,0,0,0,0,0,0,0,0,0,0,0,0,0,0,0,0,0,0,0,0,0,0,0,0,0,0,0,0,0,0,0,0,0,0,0,0,0,0,0,0,0,0,0,0,0,0,2,4,6,6,9,9,10,12,15,15,16,16,16,18,18,18,18,18,18,18,18,18,18,18
84036100,US,USA,840,36101,Steuben,New York,US,42.2689,-77.383,"Steuben, New York, US",0,0,0,0,0,0,0,0,0,0,0,0,0,0,0,0,0,0,0,0,0,0,0,0,0,0,0,0,0,0,0,0,0,0,0,0,0,0,0,0,0,0,0,0,0,0,0,0,0,0,0,0,0,0,0,0,0,0,2,2,2,4,8,8,11,12,13,17,19,19,38,43,46,60,73,75,75,87,92,117,117,147,147,147,151,154,154,181,181,195,195,214,171,171
84036100,US,USA,840,36103,Suffolk,New York,US,40.8832,-72.8012,"Suffolk, New York, US",0,0,0,0,0,0,0,0,0,0,0,0,0,0,0,0,0,0,0,0,0,0,0,0,0,0,0,0,0,0,0,0,0,0,0,0,0,0,0,0,0,0,0,0,0,0,1,1,1,6,20,28,33,41,74,97,116,239,459,662,1034,1458,1880,2260,2735,3385,4138,5023,5791,6713,7605,8746,10154,11370,13129,14185,15561,17008,18803,20320,20321,20934,21643,22691,23523,24812,25035,26143,26888,28127,28701,28854,29567,30606
84036100,US,USA,840,36105,Sullivan,New York,US,41.7158,-74.7639,"Sullivan, New York, US",0,0,0,0,0,0,0,0,0,0,0,0,0,0,0,0,0,0,0,0,0,0,0,0,0,0,0,0,0,0,0,0,0,0,0,0,0,0,0,0,0,0,0,0,0,0,0,0,0,0,0,0,0,0,0,1,1,1,1,12,12,12,23,39,53,64,72,88,101,106,121,143,168,193,193,253,270,296,296,318,340,358,380,415,424,437,505,524,537,560,592,592,580,628
84036100,US,USA,840,36107,Tioga,New York,US,42.1685,-76.3084,"Tioga, New York, US",0,0,0,0,0,0,0,0,0,0,0,0,0,0,0,0,0,0,0,0,0,0,0,0,0,0,0,0,0,0,0,0,0,0,0,0,0,0,0,0,0,0,0,0,0,0,0,0,0,0,0,0,1,1,1,1,1,1,1,1,1,1,1,1,2,2,6,6,7,8,8,8,8,8,8,8,8,15,17,18,19,23,23,24,25,27,30,32,35,37,37,39,40,40
84036100,US,USA,840,36109,Tompkins,New York,US,42.4495,-76.4723,"Tompkins, New York, US",0,0,0,0,0,0,0,0,0,0,0,0,0,0,0,0,0,0,0,0,0,0,0,0,0,0,0,0,0,0,0,0,0,0,0,0,0,0,0,0,0,0,0,0,0,0,0,0,0,0,0,0,1,1,2,2,6,6,11,11,15,15,16,18,23,32,48,56,70,73,76,80,87,93,95,102,103,105,107,107,108,113,113,113,118,118,119,119,119,119,123,123,119,121
84036100,US,USA,840,36111,Ulster,New York,US,41.8903,-74.2625,"Ulster, New York, US",0,0,0,0,0,0,0,0,0,0,0,0,0,0,0,0,0,0,0,0,0,0,0,0,0,0,0,0,0,0,0,0,0,0,0,0,0,0,0,0,0,0,0,0,0,0,1,1,1,2,4,5,5,5,7,8,9,9,9,18,18,18,35,65,78,98,133,146,190,207,222,240,263,290,358,382,398,462,462,530,589,655,716,716,745,845,880,880,960,997,1018,1018,942,976
84036100,US,USA,840,36113,Warren,New York,US,43.5617,-73.8434,"Warren, New York, US",0,0,0,0,0,0,0,0,0,0,0,0,0,0,0,0,0,0,0,0,0,0,0,0,0,0,0,0,0,0,0,0,0,0,0,0,0,0,0,0,0,0,0,0,0,0,0,0,0,0,0,0,0,0,0,0,1,1,1,1,1,1,2,2,2,8,13,18,18,18,18,18,19,20,25,26,31,33,40,43,44,46,48,77,77,81,91,94,96,101,102,108,119,122
84036100,US,USA,840,36115,Washington,New York,US,43.3115,-73.4304,"Washington, New York, US",0,0,0,0,0,0,0,0,0,0,0,0,0,0,0,0,0,0,0,0,0,0,0,0,0,0,0,0,0,0,0,0,0,0,0,0,0,0,0,0,0,0,0,0,0,0,0,0,0,0,0,0,0,0,0,0,1,1,1,1,1,1,3,4,4,6,9,9,9,9,11,12,15,16,18,19,19,20,25,26,31,34,37,40,42,46,48,52,63,65,68,73,80,83
84036100,US,USA,840,36117,Wayne,New York,US,43.1549,-77.0298,"Wayne, New York, US",0,0,0,0,0,0,0,0,0,0,0,0,0,0,0,0,0,0,0,0,0,0,0,0,0,0,0,0,0,0,0,0,0,0,0,0,0,0,0,0,0,0,0,0,0,0,0,0,0,0,0,0,0,0,0,0,0,0,1,3,3,3,6,7,8,11,12,12,15,15,24,27,30,30,32,34,35,39,39,41,42,42,42,48,48,49,49,49,50,50,51,52,53,53
84036100,US,USA,840,36119,Westchester,New York,US,41.1628,-73.7574,"Westchester, New York, US",0,0,0,0,0,0,0,0,0,0,0,0,0,0,0,0,0,0,0,0,0,0,0,0,0,0,0,0,0,0,0,0,0,0,0,0,0,0,0,0,0,1,10,18,19,57,83,98,98,121,148,158,172,178,220,380,538,798,1091,1387,1873,2894,3891,4691,5944,7187,7875,8519,9326,9967,10683,11567,12351,13081,13723,14294,14294,15887,17004,18077,18729,19313,19786,20191,20947,21828,22476,23179,23803,24306,24656,25276,25959,26633
84036100,US,USA,840,36121,Wyoming,New York,US,42.7015,-78.222,"Wyoming, New York, US",0,0,0,0,0,0,0,0,0,0,0,0,0,0,0,0,0,0,0,0,0,0,0,0,0,0,0,0,0,0,0,0,0,0,0,0,0,0,0,0,0,0,0,0,0,0,0,0,0,0,0,0,0,0,0,1,1,2,2,2,2,2,4,4,7,7,7,8,8,8,10,14,15,18,22,23,23,27,29,30,31,31,31,32,42,42,44,44,44,44,44,44,41,43
84036100,US,USA,840,36123,Yates,New York,US,42.6351,-77.1037,"Yates, New York, US",0,0,0,0,0,0,0,0,0,0,0,0,0,0,0,0,0,0,0,0,0,0,0,0,0,0,0,0,0,0,0,0,0,0,0,0,0,0,0,0,0,0,0,0,0,0,0,0,0,0,0,0,0,0,0,0,0,0,0,0,0,0,0,0,0,0,0,0,0,0,0,1,1,1,1,1,1,1,1,2,2,2,4,6,6,7,8,9,9,10,10,11,11,11
84080000,US,USA,840,80036,Out of NY,New York,US,0,0,"Out of NY, New York, US",0,0,0,0,0,0,0,0,0,0,0,0,0,0,0,0,0,0,0,0,0,0,0,0,0,0,0,0,0,0,0,0,0,0,0,0,0,0,0,0,0,0,0,0,0,0,0,0,0,0,0,0,0,0,0,0,0,0,0,0,0,0,0,0,0,0,0,0,0,0,0,0,0,0,0,0,0,0,0,0,0,0,0,0,0,0,0,0,0,0,0,0,0,0
84090000,US,USA,840,90036,Unassigned,New York,US,0,0,"Unassigned, New York, US",0,0,0,0,0,0,0,0,0,0,0,0,0,0,0,0,0,0,0,0,0,0,0,0,0,0,0,0,0,0,0,0,0,0,0,0,0,0,0,0,0,0,0,0,0,0,0,0,0,0,0,0,25,0,0,0,0,18,449,0,23,107,0,0,0,0,0,0,0,0,0,0,0,0,0,0,0,0,0,0,0,0,0,0,0,0,0,0,0,0,0,0,0,0